dataset,model_type,loss_type,latent_dim,K,n_cells,n_genes,seed,batch_key,label_key,data_mode,git_commit,fit_formula_name,fit_score_r2,fit_rmse,best_val_loss,total_epochs,peak_cpu_mem_mb,peak_gpu_mem_mb,ari,ami,silhouette,reconstruction_loss,centrality_variance,status,runtime_seconds
pbmc3k,ae,mse,2,9,2700,2000,42,,,in_memory,unknown,,,,0.2157681691425818,100,2.2335987091064453,34.46630859375,0.0009012883785766134,-0.0009403175072127366,-0.08096742630004883,0.2172275568820812,0.0003665408628773288,success,22.067243576049805
pbmc3k,ae,mse,2,9,2700,2000,43,,,in_memory,unknown,,,,0.22166929377449884,100,2.195240020751953,34.46630859375,0.0008279873368292984,-0.00021158837134821498,-0.043703194707632065,0.21630338308987795,0.0003662201071239436,success,7.250573635101318
pbmc3k,ae,mse,2,9,2700,2000,44,,,in_memory,unknown,,,,0.22036974750183247,100,2.18350887298584,34.46630859375,-0.0024039599118891733,-0.0013395598035828712,-0.17131684720516205,0.2178223849667443,0.0003658594814853562,success,7.197201251983643
pbmc3k,ae,mse,4,9,2700,2000,42,,,in_memory,unknown,,,,0.21420346432261997,100,2.187826156616211,34.47119140625,-0.0015821978335992587,-0.00019955896359296813,-0.08743548393249512,0.21449475160351505,0.00036724263201573455,success,7.389196872711182
pbmc3k,ae,mse,4,9,2700,2000,43,,,in_memory,unknown,,,,0.21850479852270197,100,2.2182435989379883,34.47119140625,-0.000978323477455385,0.001810303428110965,-0.08629238605499268,0.21304728163613212,0.00036554842492249367,success,7.741178274154663
pbmc3k,ae,mse,4,9,2700,2000,44,,,in_memory,unknown,,,,0.2180009169711007,100,2.177037239074707,34.47119140625,-0.001526107221722082,-0.0009246463167075499,-0.04771822318434715,0.21323579651338082,0.000367140000888246,success,7.297289133071899
pbmc3k,ae,mse,6,9,2700,2000,42,,,in_memory,unknown,,,,0.21308215183240395,100,2.1826391220092773,34.47607421875,-0.0012274572589312904,-0.0018184169150314668,-0.08271483331918716,0.21291371957019523,0.0003615337944291212,success,7.372593879699707
pbmc3k,ae,mse,6,9,2700,2000,43,,,in_memory,unknown,,,,0.21932396679012864,87,2.176166534423828,34.47607421875,0.002168237406702333,-0.0003173435232898448,-0.040625013411045074,0.21364088305720577,0.000363995272441843,success,6.49651026725769
pbmc3k,ae,mse,6,9,2700,2000,44,,,in_memory,unknown,,,,0.21757566663953992,100,2.1995983123779297,34.47607421875,0.0001377721158560014,0.0010558722360411866,-0.036639612168073654,0.21214219128644024,0.0003597135074857692,success,7.554337978363037
pbmc3k,ae,mse,8,9,2700,2000,42,,,in_memory,unknown,,,,0.21323532395892672,100,2.19417667388916,34.48095703125,-0.002277838855604341,-0.0004938198938921765,-0.10878624022006989,0.21258258863731666,0.0003590430065261294,success,7.553863525390625
pbmc3k,ae,mse,8,9,2700,2000,43,,,in_memory,unknown,,,,0.2186636988763456,80,2.1708545684814453,34.48095703125,-0.0027823347543638453,-0.0009519003600990276,-0.11630447953939438,0.213816815327715,0.00036334716371572503,success,6.293309211730957
pbmc3k,ae,mse,8,9,2700,2000,44,,,in_memory,unknown,,,,0.21800416906674702,89,2.1529760360717773,34.48095703125,-0.002559085994157599,0.0006164867096493221,-0.15281294286251068,0.21326075904899172,0.0003621995410199199,success,6.57232928276062
pbmc3k,ae,mse,10,9,2700,2000,42,,,in_memory,unknown,,,,0.2118496569218459,100,2.125852584838867,34.48583984375,-0.0002196643162017084,0.0008064038036255862,-0.25571227073669434,0.21131066238438642,0.0003628342271867877,success,7.644423961639404
pbmc3k,ae,mse,10,9,2700,2000,43,,,in_memory,unknown,,,,0.2198960139795586,100,2.175541877746582,34.48583984375,0.0006140798919578294,0.0003911816535356147,-0.10758034139871597,0.21400230562245404,0.00036030042831830425,success,7.847124338150024
pbmc3k,ae,mse,10,9,2700,2000,44,,,in_memory,unknown,,,,0.21820668114556208,100,2.213536262512207,34.48583984375,0.0006084551530735263,-0.0001348700010572396,-0.09519103169441223,0.2134745462514736,0.0003664480925495798,success,7.677048683166504
pbmc3k,ae,mse,12,9,2700,2000,42,,,in_memory,unknown,,,,0.21275765233569674,100,2.1932554244995117,34.49072265625,-0.0021660044038931104,-0.0012853389891994622,-0.0940617099404335,0.21227401623019465,0.0003605787529218367,success,7.3413732051849365
pbmc3k,ae,mse,12,9,2700,2000,43,,,in_memory,unknown,,,,0.2181466644560849,90,2.1696252822875977,34.49072265625,0.00011542101141713965,0.000870093378499547,-0.11279027909040451,0.21240532175258353,0.0003623874043991676,success,6.742142200469971
pbmc3k,ae,mse,12,9,2700,2000,44,,,in_memory,unknown,,,,0.21731364406921244,100,2.1922903060913086,34.49072265625,-0.0007104988454325025,-0.001130720552780343,-0.05501328036189079,0.21223780751228333,0.0003658257196820022,success,7.740118503570557
pbmc3k,ae,mse,16,9,2700,2000,42,,,in_memory,unknown,,,,0.21356125992757302,88,2.1655426025390625,34.50048828125,0.001052149501158499,-0.0005780942320923397,-0.053515490144491196,0.21353967384055808,0.00036334230413570583,success,6.63249659538269
pbmc3k,ae,mse,16,9,2700,2000,43,,,in_memory,unknown,,,,0.2181255105468962,100,2.1984901428222656,34.50048828125,-4.833464229997585e-05,-0.0012250078258704891,-0.07499826699495316,0.21221346347420303,0.0003618577773291119,success,7.503294467926025
pbmc3k,ae,mse,16,9,2700,2000,44,,,in_memory,unknown,,,,0.21687147087521022,100,2.225632667541504,34.50048828125,-9.82925827735248e-05,-0.0011652900565391527,-0.07546169310808182,0.2111143567164739,0.00036165846647229194,success,7.89223313331604
pbmc3k,ae,mse,20,9,2700,2000,42,,,in_memory,unknown,,,,0.21350250685656513,100,2.196017265319824,34.51025390625,0.0015369457768138295,-0.0005975484449848329,-0.03639985993504524,0.21325825221008723,0.00036095854858264045,success,7.518194198608398
pbmc3k,ae,mse,20,9,2700,2000,43,,,in_memory,unknown,,,,0.21880891488658058,96,2.1923904418945312,34.51025390625,-0.0013965353809954517,0.00025624060577820546,-0.062490347772836685,0.2132926196080667,0.0003628755446125411,success,7.266254186630249
pbmc3k,ae,mse,20,9,2700,2000,44,,,in_memory,unknown,,,,0.21737385579833277,87,2.167734146118164,34.51025390625,-0.0008879841403925455,3.470602785101838e-05,-0.11115536093711853,0.21257714008843456,0.000359186809731257,success,6.440643787384033
pbmc3k,ae,mse,24,9,2700,2000,42,,,in_memory,unknown,,,,0.21291065712769827,100,2.1671876907348633,34.52001953125,0.0021678191019720663,0.0019758333584526636,-0.07295698672533035,0.21201050683304115,0.00036151365542190256,success,7.332509517669678
pbmc3k,ae,mse,24,9,2700,2000,43,,,in_memory,unknown,,,,0.2182804556908431,94,2.16782283782959,34.52001953125,-0.0010626380458485687,-0.0008139800344864834,-0.07097164541482925,0.21263197521368662,0.00035900574001768257,success,7.055778980255127
pbmc3k,ae,mse,24,9,2700,2000,44,,,in_memory,unknown,,,,0.21795592021059107,82,2.147343635559082,34.52001953125,3.117367739564794e-05,-8.710204087340463e-05,-0.061179108917713165,0.2135873673359553,0.0003621442859114738,success,6.282665729522705
pbmc3k,ae,mse,32,9,2700,2000,42,,,in_memory,unknown,,,,0.21359610943882554,100,2.1765499114990234,34.53955078125,0.0002483958902974726,-0.0008398218591407423,-0.07039999216794968,0.21300740588594366,0.00036153931949326834,success,7.470720052719116
pbmc3k,ae,mse,32,9,2700,2000,43,,,in_memory,unknown,,,,0.21899012371345802,95,2.176788330078125,34.53955078125,0.0010603749552119796,-0.0011677074312320534,-0.04707464575767517,0.21304316999735656,0.0003567527915543308,success,7.087973117828369
pbmc3k,ae,mse,32,9,2700,2000,44,,,in_memory,unknown,,,,0.21717010957223398,100,2.2173805236816406,34.53955078125,-0.0011129611427853918,-0.0010383969508354915,-0.1353827863931656,0.2121592108629368,0.0003545127549922141,success,7.600249528884888
pbmc3k,ae,mse,48,9,2700,2000,42,,,in_memory,unknown,,,,0.2127832951369109,100,2.1868410110473633,34.57861328125,0.0005308361899310537,-0.0010315081923553964,-0.03614278882741928,0.21219189745408518,0.000363939997819052,success,7.492029905319214
pbmc3k,ae,mse,48,9,2700,2000,43,,,in_memory,unknown,,,,0.2191648461200573,86,2.155470848083496,34.57861328125,0.0022850702999485037,-0.0003994221141503049,-0.22458988428115845,0.21303304899621892,0.0003584202720297328,success,6.4302589893341064
pbmc3k,ae,mse,48,9,2700,2000,44,,,in_memory,unknown,,,,0.2180307008602001,87,2.173063278198242,34.57861328125,-0.0012732985299974302,0.0017925349928483794,-0.0612834095954895,0.21340835953200304,0.00035875268013921486,success,6.557673692703247
pbmc3k,ae,mse,64,9,2700,2000,42,,,in_memory,unknown,,,,0.21318191013954305,100,2.178891181945801,34.61767578125,-0.001101468641729495,0.0008778523945065941,-0.08110373467206955,0.21268360683211573,0.000364261208965451,success,7.442182302474976
pbmc3k,ae,mse,64,9,2700,2000,43,,,in_memory,unknown,,,,0.21910978732285677,78,2.1759586334228516,34.61767578125,-0.0018913949061134018,0.00040042746072330664,-0.11714581400156021,0.2138116756854234,0.00036229035797229956,success,6.382192850112915
pbmc3k,ae,mse,64,9,2700,2000,44,,,in_memory,unknown,,,,0.21743296296508224,100,2.1884727478027344,34.61767578125,-3.779427063024841e-05,0.00089549069547886,-0.07218790799379349,0.21195028817212141,0.00036501695206756955,success,7.53266167640686
pbmc3k,vae,mse,2,9,2700,2000,42,,,in_memory,unknown,,,,0.25692619857964694,63,2.0782623291015625,34.4765625,0.000588006522319467,-0.0012174768005364317,-0.12235495448112488,0.2623813803549166,0.00035779890374684103,success,5.107961177825928
pbmc3k,vae,mse,2,9,2700,2000,43,,,in_memory,unknown,,,,0.2689114243895919,42,2.1191024780273438,34.4765625,0.00018134307479398837,0.0006858326702804055,-0.093532994389534,0.262404610492565,0.00035931787683219507,success,3.580028772354126
pbmc3k,vae,mse,2,9,2700,2000,44,,,in_memory,unknown,,,,0.2619081256566224,39,2.123480796813965,34.4765625,-0.0006490656562904567,0.0002368127651519562,-0.0974510908126831,0.26250837613035133,0.00035398497671322224,success,3.2477192878723145
pbmc3k,vae,mse,4,9,2700,2000,42,,,in_memory,unknown,,,,0.2570498521681185,37,2.0804567337036133,34.49072265625,0.001034003595910389,-0.0007654224793279907,-0.03597962483763695,0.26251305165114225,0.0003344830489207444,success,3.3560538291931152
pbmc3k,vae,mse,4,9,2700,2000,43,,,in_memory,unknown,,,,0.2690782339484603,42,2.07568359375,34.49072265625,0.0008760052536308633,0.000863213725183229,-0.07089120149612427,0.26258056640625,0.000253112578716241,success,3.545576810836792
pbmc3k,vae,mse,4,9,2700,2000,44,,,in_memory,unknown,,,,0.26179041862487795,55,2.0888986587524414,34.49072265625,-0.0023471359748641653,-0.0004593037443952921,-0.11517690867185593,0.26247010063242027,0.0003388446988189555,success,4.514235258102417
pbmc3k,vae,mse,6,9,2700,2000,42,,,in_memory,unknown,,,,0.25716779033342996,34,2.104336738586426,34.5048828125,0.0020798403866715554,0.0017458927376057416,-0.07813344895839691,0.2627873863555767,8.031723747153274e-05,success,3.1412694454193115
pbmc3k,vae,mse,6,9,2700,2000,43,,,in_memory,unknown,,,,0.26915019728519296,50,2.0901641845703125,34.5048828125,-0.0018065857285180387,0.00035538325510619677,-0.10155804455280304,0.2624233622904177,8.093519581842648e-05,success,4.299605131149292
pbmc3k,vae,mse,6,9,2700,2000,44,,,in_memory,unknown,,,,0.261973700037709,52,2.086319923400879,34.5048828125,-0.002066531461378816,-0.0006436043646661761,-0.11415483057498932,0.26248250480051394,9.59321115370408e-05,success,4.615854740142822
pbmc3k,vae,mse,8,9,2700,2000,42,,,in_memory,unknown,,,,0.2569797072145674,60,2.078472137451172,34.51904296875,-0.00033697403181302083,0.00016128654288614672,-0.12682151794433594,0.26240019211062676,0.0002726730757503678,success,4.820876598358154
pbmc3k,vae,mse,8,9,2700,2000,43,,,in_memory,unknown,,,,0.26898356057979445,55,2.101024627685547,34.51904296875,-0.0004499758055400187,-0.0006422077080188997,-0.05705072358250618,0.2625281812085046,8.880497191460274e-05,success,4.96823787689209
pbmc3k,vae,mse,8,9,2700,2000,44,,,in_memory,unknown,,,,0.26193601776052405,38,2.1075611114501953,34.51904296875,0.0002505195844787744,-0.0020178355089753193,-0.052163876593112946,0.2627796787244302,0.00011010158092642957,success,3.391880512237549
pbmc3k,vae,mse,10,9,2700,2000,42,,,in_memory,unknown,,,,0.25711422430144415,48,2.095156669616699,34.533203125,-0.0004583294855901546,-0.0010922798856665959,-0.09617199003696442,0.26267890139862343,0.00011877637779419015,success,3.9559121131896973
pbmc3k,vae,mse,10,9,2700,2000,43,,,in_memory,unknown,,,,0.2690740410928373,44,2.08895206451416,34.533203125,0.000278432162766352,-0.0013637120357892051,-0.18201063573360443,0.26274707034782124,9.7854447017477e-05,success,3.7428395748138428
pbmc3k,vae,mse,10,9,2700,2000,44,,,in_memory,unknown,,,,0.26194146739112006,52,2.096141815185547,34.533203125,-0.001704648338244118,0.0006250913214037352,-0.16413460671901703,0.26259182276549164,0.000115374691493476,success,4.423002481460571
pbmc3k,vae,mse,12,9,2700,2000,42,,,in_memory,unknown,,,,0.2571787048269201,52,2.089594841003418,34.54736328125,-0.0011225959744130445,-0.002482056562809096,-0.16078510880470276,0.2626924898006298,0.0001349794233555004,success,4.274942636489868
pbmc3k,vae,mse,12,9,2700,2000,43,,,in_memory,unknown,,,,0.2691921132582205,66,2.0971784591674805,34.54736328125,0.0007850749819905603,0.0001300804411116859,-0.13000060617923737,0.2624981877538893,0.00013920006031989865,success,5.24507999420166
pbmc3k,vae,mse,12,9,2700,2000,44,,,in_memory,unknown,,,,0.26214959466898885,50,2.0696611404418945,34.54736328125,-0.0005515853827646747,0.00256046651367515,-0.12232035398483276,0.2627344013143469,0.000144365611115421,success,8.112723350524902
pbmc3k,vae,mse,16,9,2700,2000,42,,,in_memory,unknown,,,,0.25714118304076017,81,2.1132049560546875,34.57568359375,-0.001020137023814704,-0.00028686365353308956,-0.08491908013820648,0.26236455815809745,0.00014207134994852392,success,6.174199819564819
pbmc3k,vae,mse,16,9,2700,2000,43,,,in_memory,unknown,,,,0.2691897588747519,56,2.0930252075195312,34.57568359375,-0.0009178073752685886,0.0001443090920732859,-0.18427474796772003,0.262733738289939,0.00016072606166558768,success,4.492322206497192
pbmc3k,vae,mse,16,9,2700,2000,44,,,in_memory,unknown,,,,0.26193897437166286,80,2.107161521911621,34.57568359375,-0.0020590647866057478,0.0013346998906844697,-0.12366653233766556,0.26253265928339076,0.00013726462972326413,success,5.964193344116211
pbmc3k,vae,mse,20,9,2700,2000,42,,,in_memory,unknown,,,,0.2570984760920207,56,2.098367691040039,34.60400390625,0.0015433985947800103,0.00011951520261812884,-0.022795544937253,0.26272069502759865,0.00015596568773122322,success,4.667433500289917
pbmc3k,vae,mse,20,9,2700,2000,43,,,in_memory,unknown,,,,0.26918392600836577,67,2.0972557067871094,34.60400390625,-0.0005761281785027257,0.0010186797534335178,-0.11384414881467819,0.2626206464679153,0.00013338799982914268,success,5.164492845535278
pbmc3k,vae,mse,20,9,2700,2000,44,,,in_memory,unknown,,,,0.2623671156388742,43,2.078547477722168,34.60400390625,-0.0007250875929598361,0.0007088645367036332,-0.026787016540765762,0.26319857270629315,0.0001347775843928675,success,3.6815097332000732
pbmc3k,vae,mse,24,9,2700,2000,42,,,in_memory,unknown,,,,0.25729322058183174,77,2.106670379638672,34.63232421875,0.0015486643040746686,0.0016334808787376283,-0.28995028138160706,0.2625351740695812,0.00012928104829820842,success,5.861806154251099
pbmc3k,vae,mse,24,9,2700,2000,43,,,in_memory,unknown,,,,0.26946831941604615,73,2.0971860885620117,34.63232421875,0.0016327503728731547,-0.00034981244115003156,-0.2146751582622528,0.26270897437025,0.00013498538464506462,success,5.647003650665283
pbmc3k,vae,mse,24,9,2700,2000,44,,,in_memory,unknown,,,,0.26216080519888135,54,2.114260673522949,34.63232421875,0.0008411357785845917,0.0014799123224112083,-0.06861567497253418,0.26282079034381445,0.00016971201662636002,success,4.392734527587891
pbmc3k,vae,mse,32,9,2700,2000,42,,,in_memory,unknown,,,,0.2577477700180478,52,2.094315528869629,34.68896484375,-0.0001630825998666889,-8.787723169434249e-05,-0.06697764992713928,0.2633260449215218,0.0001611554096765542,success,4.399676561355591
pbmc3k,vae,mse,32,9,2700,2000,43,,,in_memory,unknown,,,,0.2696686481987989,84,2.0927791595458984,34.68896484375,-0.0007027439052368092,-0.00030531724398800807,-0.18733051419258118,0.2625889564002002,0.00018382454816700985,success,6.402872562408447
pbmc3k,vae,mse,32,9,2700,2000,44,,,in_memory,unknown,,,,0.26343223805780763,33,2.079197883605957,34.68896484375,0.0008898339784216626,-0.0012727241060394526,-0.1554621309041977,0.26415110835322625,0.00013744254310454006,success,3.119062662124634
pbmc3k,vae,mse,48,9,2700,2000,42,,,in_memory,unknown,,,,0.25765294476791667,94,2.1193466186523438,34.80224609375,0.0032657889427106417,0.0018404685094055183,-0.24449485540390015,0.26276405140205666,0.00013172368446103604,success,6.888917684555054
pbmc3k,vae,mse,48,9,2700,2000,43,,,in_memory,unknown,,,,0.2701997359593709,60,2.0758657455444336,34.80224609375,0.002998542501600052,-0.0008640240248197577,-0.11943567544221878,0.26303576699009645,0.00015657993301955377,success,4.77908182144165
pbmc3k,vae,mse,48,9,2700,2000,44,,,in_memory,unknown,,,,0.2627420010390105,84,2.181900978088379,34.80224609375,-0.0010299576413535841,-0.0008436760357965035,-0.2296680361032486,0.26272226046632835,0.00013662858371968955,success,6.556769847869873
pbmc3k,vae,mse,64,9,2700,2000,42,,,in_memory,unknown,,,,0.25881243061136316,55,2.0963449478149414,34.91552734375,-0.00023634347041171313,-0.0005619213987825028,-0.07238642126321793,0.2630744926576261,0.00014734807387920402,success,4.652165651321411
pbmc3k,vae,mse,64,9,2700,2000,43,,,in_memory,unknown,,,,0.27003295289145574,68,2.107205390930176,34.91552734375,0.0001606374102965153,-0.000735447342339031,-0.1219499409198761,0.2628905122368424,0.0001220639461746781,success,5.309165954589844
pbmc3k,vae,mse,64,9,2700,2000,44,,,in_memory,unknown,,,,0.2635076434523971,58,2.0926103591918945,34.91552734375,0.0005903741044513847,8.116837142882364e-05,-0.03699103370308876,0.26308562543657094,0.00016592952384286296,success,5.247901201248169
pbmc3k,scvi,nb,2,9,2700,2000,42,,,in_memory,unknown,,,,,100,,,0.5344849690365214,0.6939423726542105,0.2682007849216461,635.7571411132812,0.0003530551170562906,success,35.1971378326416
pbmc3k,scvi,nb,2,9,2700,2000,43,,,in_memory,unknown,,,,,100,,,0.5335223057971974,0.6891303435206667,0.2685815691947937,635.9490356445312,0.00035478293964414406,success,24.88166093826294
pbmc3k,scvi,nb,2,9,2700,2000,44,,,in_memory,unknown,,,,,100,,,0.4858422234389567,0.664394719670272,0.22802485525608063,637.6393432617188,0.00035102954120103434,success,24.979085445404053
pbmc3k,scvi,nb,4,9,2700,2000,42,,,in_memory,unknown,,,,,100,,,0.5601549604141463,0.6759036295302667,0.18209615349769592,621.3706665039062,0.00032360633373945425,success,25.23305869102478
pbmc3k,scvi,nb,4,9,2700,2000,43,,,in_memory,unknown,,,,,100,,,0.5557690055868992,0.6755515001926884,0.19655795395374298,620.4586791992188,0.0003578834947833875,success,25.83590292930603
pbmc3k,scvi,nb,4,9,2700,2000,44,,,in_memory,unknown,,,,,100,,,0.5188562488108478,0.6775065992259527,0.19227328896522522,621.6024780273438,0.00036457048764380645,success,25.396061658859253
pbmc3k,scvi,nb,6,9,2700,2000,42,,,in_memory,unknown,,,,,100,,,0.508674161295293,0.6675899786588697,0.15473145246505737,613.8284912109375,0.0003636896216281422,success,26.116569995880127
pbmc3k,scvi,nb,6,9,2700,2000,43,,,in_memory,unknown,,,,,100,,,0.5007945396853059,0.6554571740848075,0.1476747840642929,614.8541870117188,0.0003666923583211522,success,25.657619953155518
pbmc3k,scvi,nb,6,9,2700,2000,44,,,in_memory,unknown,,,,,100,,,0.4870045158832349,0.6475748925677196,0.14755704998970032,615.4286499023438,0.0003597296862685698,success,25.705195426940918
pbmc3k,scvi,nb,8,9,2700,2000,42,,,in_memory,unknown,,,,,100,,,0.5140240366955428,0.6716708025958731,0.1370670050382614,611.0985717773438,0.00031668645909243464,success,25.064465045928955
pbmc3k,scvi,nb,8,9,2700,2000,43,,,in_memory,unknown,,,,,100,,,0.5207088741680941,0.6590746207877359,0.12839463353157043,611.4258422851562,0.00031215719316689397,success,25.161033630371094
pbmc3k,scvi,nb,8,9,2700,2000,44,,,in_memory,unknown,,,,,100,,,0.5406204468438313,0.6669612343466826,0.1328219175338745,610.8378295898438,0.00032604653418728206,success,25.684330463409424
pbmc3k,scvi,nb,10,9,2700,2000,42,,,in_memory,unknown,,,,,100,,,0.5225343698357463,0.6738093035859258,0.11685193330049515,610.0158081054688,0.00029658948430903964,success,25.767170667648315
pbmc3k,scvi,nb,10,9,2700,2000,43,,,in_memory,unknown,,,,,100,,,0.5471426591763665,0.6783838021439564,0.11917344480752945,611.7658081054688,0.0003586938033631012,success,26.17986226081848
pbmc3k,scvi,nb,10,9,2700,2000,44,,,in_memory,unknown,,,,,100,,,0.5405004483264293,0.6696289833983691,0.11383872479200363,611.0819702148438,0.0003158978404286511,success,25.481263637542725
pbmc3k,scvi,nb,12,9,2700,2000,42,,,in_memory,unknown,,,,,100,,,0.5105949989146046,0.6708023057076195,0.09925173223018646,610.6316528320312,0.0003051596154821696,success,25.337265968322754
pbmc3k,scvi,nb,12,9,2700,2000,43,,,in_memory,unknown,,,,,100,,,0.5405563743759045,0.6752290909655393,0.09799424558877945,611.011962890625,0.0003132693501256923,success,25.430341482162476
pbmc3k,scvi,nb,12,9,2700,2000,44,,,in_memory,unknown,,,,,100,,,0.49649466449664836,0.6540330729085576,0.1076943501830101,610.970947265625,0.0003166801109618729,success,26.374221324920654
pbmc3k,scvi,nb,16,9,2700,2000,42,,,in_memory,unknown,,,,,100,,,0.6362280526835918,0.7363035786183798,0.09835536032915115,611.1098022460938,0.0002907473746361742,success,25.562724351882935
pbmc3k,scvi,nb,16,9,2700,2000,43,,,in_memory,unknown,,,,,100,,,0.4875504050968694,0.6665810626553583,0.09578258544206619,612.1644897460938,0.0003669877926053806,success,25.47104239463806
pbmc3k,scvi,nb,16,9,2700,2000,44,,,in_memory,unknown,,,,,100,,,0.5550494454134761,0.6875554014061421,0.09586812555789948,612.3709106445312,0.00024856797849569543,success,25.290205001831055
pbmc3k,scvi,nb,20,9,2700,2000,42,,,in_memory,unknown,,,,,100,,,0.5586992332996822,0.6891813972152322,0.09171666204929352,613.3759155273438,0.0003484550198083663,success,25.37370800971985
pbmc3k,scvi,nb,20,9,2700,2000,43,,,in_memory,unknown,,,,,100,,,0.5196572769930257,0.6754726131669009,0.08972281217575073,614.3067626953125,0.00033861297235048937,success,25.377466201782227
pbmc3k,scvi,nb,20,9,2700,2000,44,,,in_memory,unknown,,,,,100,,,0.561719173441977,0.6868043015262326,0.08604792505502701,614.6317749023438,0.00029848771507528274,success,25.32106900215149
pbmc3k,scvi,nb,24,9,2700,2000,42,,,in_memory,unknown,,,,,100,,,0.5725332600372797,0.7011384834937051,0.08314548432826996,615.333251953125,0.00034144446558534935,success,25.47030282020569
pbmc3k,scvi,nb,24,9,2700,2000,43,,,in_memory,unknown,,,,,100,,,0.5669381112503885,0.7111708159797545,0.08206619322299957,617.6395874023438,0.0003656757014091126,success,25.393840312957764
pbmc3k,scvi,nb,24,9,2700,2000,44,,,in_memory,unknown,,,,,100,,,0.5164119778483844,0.6815357017834444,0.08218329399824142,615.2706909179688,0.0003134852808644563,success,25.786782026290894
pbmc3k,scvi,nb,32,9,2700,2000,42,,,in_memory,unknown,,,,,100,,,0.595425597674078,0.7254584820856421,0.082314133644104,619.8262939453125,0.00035552751067907483,success,25.08372926712036
pbmc3k,scvi,nb,32,9,2700,2000,43,,,in_memory,unknown,,,,,100,,,0.5793926582673963,0.7018806170908973,0.07520164549350739,620.7994995117188,0.0003316979675771767,success,25.95901894569397
pbmc3k,scvi,nb,32,9,2700,2000,44,,,in_memory,unknown,,,,,100,,,0.6236777381260579,0.7273375421755798,0.08557175099849701,620.2166137695312,0.00032625530314278427,success,25.885313510894775
pbmc3k,scvi,nb,48,9,2700,2000,42,,,in_memory,unknown,,,,,100,,,0.6313690616206029,0.7313405789864351,0.08151370286941528,625.68408203125,0.00029374397488198727,success,25.59882402420044
pbmc3k,scvi,nb,48,9,2700,2000,43,,,in_memory,unknown,,,,,100,,,0.5592525841010599,0.7044531991449474,0.07139716297388077,626.3635864257812,0.00031970778774524986,success,25.536279678344727
pbmc3k,scvi,nb,48,9,2700,2000,44,,,in_memory,unknown,,,,,100,,,0.5691788531131328,0.6926993058926147,0.0813438817858696,626.3497924804688,0.0003650178241062447,success,25.083117961883545
pbmc3k,scvi,nb,64,9,2700,2000,42,,,in_memory,unknown,,,,,100,,,0.6007106969091971,0.7207742287621602,0.08051279187202454,626.2664794921875,0.0003662950478106242,success,25.472479581832886
pbmc3k,scvi,nb,64,9,2700,2000,43,,,in_memory,unknown,,,,,100,,,0.5723946774168456,0.7111830040106906,0.0735870897769928,627.5930786132812,0.00032973270779452065,success,28.267961740493774
pbmc3k,scvi,nb,64,9,2700,2000,44,,,in_memory,unknown,,,,,100,,,0.5808147239413588,0.6927358429603492,0.07749240100383759,626.849365234375,0.0003586080633777065,success,25.03922390937805
paul15,ae,mse,2,19,2730,2000,42,,paul15_clusters,in_memory,unknown,,,,0.5350769339026985,94,2.1082143783569336,177.11669921875,7.7120701584308e-05,-0.0013869039958505148,-0.19831694662570953,0.5295849583524488,0.0003591273741532166,success,7.33658504486084
paul15,ae,mse,2,19,2730,2000,43,,paul15_clusters,in_memory,unknown,,,,0.522885880627475,100,2.0849809646606445,34.46630859375,0.0006573914880191256,0.0008850426968957672,-0.17203138768672943,0.5284135166978662,0.0003563508168568319,success,7.683670520782471
paul15,ae,mse,2,19,2730,2000,44,,paul15_clusters,in_memory,unknown,,,,0.5456523973863203,100,2.155947685241699,34.46630859375,0.0009405349828143218,0.0009363025114467859,-0.24108712375164032,0.5289580255637676,0.00035667836561032763,success,7.104186773300171
paul15,ae,mse,4,19,2730,2000,42,,paul15_clusters,in_memory,unknown,,,,0.5264186391900311,90,2.1772241592407227,34.47119140625,-0.00017576601885396125,-0.0012405198385330002,-0.08494716882705688,0.5172929882129906,0.0003607283900605608,success,7.657235383987427
paul15,ae,mse,4,19,2730,2000,43,,paul15_clusters,in_memory,unknown,,,,0.5149885341797993,100,2.178450584411621,34.47119140625,5.3571195723580325e-06,-0.000644700426380465,-0.159967839717865,0.5167183567752768,0.0003621377312948229,success,7.506952285766602
paul15,ae,mse,4,19,2730,2000,44,,paul15_clusters,in_memory,unknown,,,,0.5367582147811358,99,2.1786022186279297,34.47119140625,-0.0008529212324022436,-0.0006154065064145666,-0.1666330248117447,0.5166713387538225,0.0003618066170903761,success,7.680081605911255
paul15,ae,mse,6,19,2730,2000,42,,paul15_clusters,in_memory,unknown,,,,0.522492480802012,100,2.2076187133789062,34.47607421875,-0.0007130482949412374,-0.0024857884739176595,-0.12974418699741364,0.5117091142214262,0.00035987545429928147,success,8.27295970916748
paul15,ae,mse,6,19,2730,2000,43,,paul15_clusters,in_memory,unknown,,,,0.5116989429180439,100,2.182980537414551,34.47607421875,-2.5089280760628393e-05,-0.0014273367008442342,-0.0942695140838623,0.5107811257952736,0.00036209472151523035,success,7.827334642410278
paul15,ae,mse,6,19,2730,2000,44,,paul15_clusters,in_memory,unknown,,,,0.5329232901443929,100,2.2013940811157227,34.47607421875,-0.0009715131845632607,-0.0014254295634352453,-0.14835067093372345,0.5105019929644826,0.000360878104381094,success,8.088503360748291
paul15,ae,mse,8,19,2730,2000,42,,paul15_clusters,in_memory,unknown,,,,0.5196401629692469,100,2.1979494094848633,34.48095703125,0.00021615251906248055,4.183814245789284e-05,-0.08486690372228622,0.5080611906645499,0.0003610265070285329,success,8.55975866317749
paul15,ae,mse,8,19,2730,2000,43,,paul15_clusters,in_memory,unknown,,,,0.5094529678533365,100,2.214900016784668,34.48095703125,-0.0002474869350490308,0.001082494469048972,-0.11905765533447266,0.5084244614992386,0.00036158750563910325,success,8.306074142456055
paul15,ae,mse,8,19,2730,2000,44,,paul15_clusters,in_memory,unknown,,,,0.5300738134663621,92,2.1881542205810547,34.48095703125,0.0003763306542252672,-0.0017352237643151085,-0.0883025974035263,0.5079643068732796,0.00036168375445291346,success,7.450998544692993
paul15,ae,mse,10,19,2730,2000,42,,paul15_clusters,in_memory,unknown,,,,0.5199342197550959,100,2.149308204650879,34.48583984375,0.0007004190933881542,0.0010804876261979917,-0.10228565335273743,0.5078756565139407,0.0003598188137047773,success,8.431142807006836
paul15,ae,mse,10,19,2730,2000,43,,paul15_clusters,in_memory,unknown,,,,0.5097446823731447,100,2.2134227752685547,34.48583984375,-0.0004832010040368047,-0.0015935836468352997,-0.12460782378911972,0.5078424126237303,0.0003580868322717223,success,8.050930738449097
paul15,ae,mse,10,19,2730,2000,44,,paul15_clusters,in_memory,unknown,,,,0.5319747143176012,91,2.188605308532715,34.48583984375,0.0004315388572062802,0.003077774223019466,-0.10520128905773163,0.5114279683256324,0.00036118635432865425,success,7.715915679931641
paul15,ae,mse,12,19,2730,2000,42,,paul15_clusters,in_memory,unknown,,,,0.5189503186788315,100,2.198866844177246,34.49072265625,-0.0009514752700011876,-0.0024923539292840257,-0.08266013860702515,0.5066040399310353,0.00035871738698830847,success,8.034468412399292
paul15,ae,mse,12,19,2730,2000,43,,paul15_clusters,in_memory,unknown,,,,0.5073009749035259,100,2.204461097717285,34.49072265625,0.0004019285810262056,0.0017236347630803614,-0.0961892232298851,0.5043983842427041,0.00036107230263294045,success,8.023852586746216
paul15,ae,mse,12,19,2730,2000,44,,paul15_clusters,in_memory,unknown,,,,0.5312300830970317,100,2.2024803161621094,34.49072265625,-0.0008519898158844708,-0.0004451827138213924,-0.11419398337602615,0.5101625218059553,0.00036234929306736176,success,8.200918912887573
paul15,ae,mse,16,19,2730,2000,42,,paul15_clusters,in_memory,unknown,,,,0.5188401120922941,96,2.1954259872436523,34.50048828125,-0.00030727382418823773,-0.00287656158639255,-0.08344506472349167,0.5068411926646809,0.00035975837724261915,success,7.6442461013793945
paul15,ae,mse,16,19,2730,2000,43,,paul15_clusters,in_memory,unknown,,,,0.5102544736949516,100,2.204692840576172,34.50048828125,-0.0003514346352940375,-0.0009559929524125741,-0.08327692002058029,0.5075285403938083,0.00035665538554871095,success,10.10542345046997
paul15,ae,mse,16,19,2730,2000,44,,paul15_clusters,in_memory,unknown,,,,0.5302898977702354,100,2.2009267807006836,34.50048828125,-0.0005504268166659368,-2.7162524912517785e-05,-0.13828077912330627,0.5069613279877129,0.0003617096760609779,success,7.996886730194092
paul15,ae,mse,20,19,2730,2000,42,,paul15_clusters,in_memory,unknown,,,,0.5190166477318648,100,2.199756622314453,34.51025390625,-0.0008009752400860292,-0.001812390791245626,-0.08175502717494965,0.50591350095176,0.0003607450231195537,success,8.193298101425171
paul15,ae,mse,20,19,2730,2000,43,,paul15_clusters,in_memory,unknown,,,,0.5107522914697836,100,2.1964359283447266,34.51025390625,-0.0008741806896946932,-0.003374058933377737,-0.11201035231351852,0.5077011707501534,0.0003592738946393288,success,7.792236328125
paul15,ae,mse,20,19,2730,2000,44,,paul15_clusters,in_memory,unknown,,,,0.5299184710988195,100,2.191617965698242,34.51025390625,-0.0016306590164564506,-0.003113267644441345,-0.1704453080892563,0.5057558493299799,0.00036127336544741133,success,8.767251014709473
paul15,ae,mse,24,19,2730,2000,42,,paul15_clusters,in_memory,unknown,,,,0.5194835767641173,100,2.218240737915039,34.52001953125,-0.0010508182823152031,-0.001614359279168896,-0.16177836060523987,0.5071791088624752,0.0003613623644290963,success,8.105186462402344
paul15,ae,mse,24,19,2730,2000,43,,paul15_clusters,in_memory,unknown,,,,0.5089455917204693,91,2.194446563720703,34.52001953125,0.0012372778937072746,0.004458523340159432,-0.1112479493021965,0.5091084520458738,0.00036104031623492185,success,7.261534929275513
paul15,ae,mse,24,19,2730,2000,44,,paul15_clusters,in_memory,unknown,,,,0.532215823838999,100,2.2047786712646484,34.52001953125,1.5211673517592212e-05,-0.0014017395859485444,-0.10590511560440063,0.5102179867444021,0.00036062087750981923,success,8.082107543945312
paul15,ae,mse,32,19,2730,2000,42,,paul15_clusters,in_memory,unknown,,,,0.5184673273956383,100,2.2033700942993164,34.53955078125,-0.0004665646921794965,-0.002182911113055306,-0.13831432163715363,0.5055141732369587,0.0003536172194376666,success,8.231380701065063
paul15,ae,mse,32,19,2730,2000,43,,paul15_clusters,in_memory,unknown,,,,0.5098221865329113,100,2.193117141723633,34.53955078125,0.00026329895583060154,0.0018963581171162023,-0.1133953258395195,0.5062793892381828,0.00035801751526215556,success,7.96284818649292
paul15,ae,mse,32,19,2730,2000,44,,paul15_clusters,in_memory,unknown,,,,0.5293221209512089,100,2.207047462463379,34.53955078125,0.0006066559398441805,-0.00015913238332890305,-0.23262335360050201,0.5064564537652683,0.00035741582856665304,success,8.33827519416809
paul15,ae,mse,48,19,2730,2000,42,,paul15_clusters,in_memory,unknown,,,,0.5194468321381035,98,2.181218147277832,34.57861328125,0.0002552596669102748,0.0017425941203051117,-0.08658532053232193,0.5066210419267089,0.00031709921088102764,success,7.81326699256897
paul15,ae,mse,48,19,2730,2000,43,,paul15_clusters,in_memory,unknown,,,,0.5072724159820613,100,2.192575454711914,34.57861328125,0.00037063895985044865,0.0017922575276788587,-0.1859496533870697,0.50472328994737,0.0003565232570228467,success,7.997182607650757
paul15,ae,mse,48,19,2730,2000,44,,paul15_clusters,in_memory,unknown,,,,0.5310170884097453,100,2.178839683532715,34.57861328125,0.00012520781535071482,0.001868852908620846,-0.1763026863336563,0.5063595408048385,0.00035700312838375236,success,7.819873571395874
paul15,ae,mse,64,19,2730,2000,42,,paul15_clusters,in_memory,unknown,,,,0.5188449311169075,100,2.2143430709838867,34.61767578125,0.0006092476357147297,-0.0009724825316606681,-0.10540775954723358,0.5073459001687857,0.000351831243290863,success,8.69253945350647
paul15,ae,mse,64,19,2730,2000,43,,paul15_clusters,in_memory,unknown,,,,0.5079525741902027,100,2.118485450744629,34.61767578125,-0.00019401622776679043,0.0002807896006099075,-0.13572664558887482,0.5058411358476995,0.0003575557806966224,success,7.977774381637573
paul15,ae,mse,64,19,2730,2000,44,,paul15_clusters,in_memory,unknown,,,,0.5304472062177273,100,2.216815948486328,34.61767578125,6.298803260799606e-05,-0.0018256720378876498,-0.15865348279476166,0.5079012076059978,0.00035889949002592466,success,8.096593856811523
paul15,vae,mse,2,19,2730,2000,42,,paul15_clusters,in_memory,unknown,,,,0.6499346496858003,26,2.0992088317871094,34.4765625,-0.00043371404638540374,0.00012145932623550377,-0.10893847793340683,0.6502524248846284,0.00035032926770687823,success,2.5106987953186035
paul15,vae,mse,2,19,2730,2000,43,,paul15_clusters,in_memory,unknown,,,,0.6468770421031631,30,2.1125144958496094,34.4765625,-0.00030663671555662653,-0.0009897504943050827,-0.16131249070167542,0.650055313590682,0.0003432254281295302,success,2.9171855449676514
paul15,vae,mse,2,19,2730,2000,44,,paul15_clusters,in_memory,unknown,,,,0.6541658161760686,35,2.10428524017334,34.4765625,0.00017540215717298704,-0.0005592923963669805,-0.15433359146118164,0.6498493453085205,0.0003468710899065367,success,3.0719313621520996
paul15,vae,mse,4,19,2730,2000,42,,paul15_clusters,in_memory,unknown,,,,0.6499730719751491,54,2.1352310180664062,34.49072265625,-5.393311810098848e-05,-0.0010724696627772182,-0.12752600014209747,0.6499264130662212,0.00010732997395719319,success,4.485953330993652
paul15,vae,mse,4,19,2730,2000,43,,paul15_clusters,in_memory,unknown,,,,0.6475474827892178,26,2.1103601455688477,34.49072265625,-0.00010015491635573741,0.0017096165858298993,-0.13836418092250824,0.6509131500572513,6.253358262747978e-05,success,2.597670555114746
paul15,vae,mse,4,19,2730,2000,44,,paul15_clusters,in_memory,unknown,,,,0.6550506785675719,31,2.101315498352051,34.49072265625,-0.0003438646420942366,-0.0011504405188499907,-0.08758057653903961,0.6504401994712187,6.060762441455446e-05,success,2.9997291564941406
paul15,vae,mse,6,19,2730,2000,42,,paul15_clusters,in_memory,unknown,,,,0.6493604218130147,50,2.1186094284057617,34.5048828125,0.0001018516295140497,-0.0007297409993616734,-0.11746317893266678,0.6501028122046055,7.026419515663042e-05,success,4.1602489948272705
paul15,vae,mse,6,19,2730,2000,43,,paul15_clusters,in_memory,unknown,,,,0.6463806806029854,44,2.1300430297851562,34.5048828125,-0.00066057853906263,-0.0004399904585866768,-0.12787190079689026,0.6501725260591332,6.429162990338246e-05,success,3.9264566898345947
paul15,vae,mse,6,19,2730,2000,44,,paul15_clusters,in_memory,unknown,,,,0.6549376563711481,39,2.1335105895996094,34.5048828125,0.00020515919686958038,-0.0007654083398553585,-0.13828203082084656,0.6508288529766348,6.82827515169924e-05,success,3.71077299118042
paul15,vae,mse,8,19,2730,2000,42,,paul15_clusters,in_memory,unknown,,,,0.6503214377623338,51,2.121697425842285,34.51904296875,0.00038449705438564315,-0.0023098053187260905,-0.10272900015115738,0.6504817129054785,9.974054471164393e-05,success,4.22053599357605
paul15,vae,mse,8,19,2730,2000,43,,paul15_clusters,in_memory,unknown,,,,0.6478102691880949,33,2.100224494934082,34.51904296875,0.00025517287312156264,0.0009820138265417288,-0.07729960978031158,0.6515465917604747,8.51003777241737e-05,success,3.1159238815307617
paul15,vae,mse,8,19,2730,2000,44,,paul15_clusters,in_memory,unknown,,,,0.6547194352516761,45,2.127516746520996,34.51904296875,-0.00033306579809063244,0.00042533511587485327,-0.12310364097356796,0.6504995977485573,0.00010165479960253017,success,3.843351125717163
paul15,vae,mse,10,19,2730,2000,42,,paul15_clusters,in_memory,unknown,,,,0.6509440639516809,50,2.10308837890625,34.533203125,0.0007902841911772543,0.0020078339898385303,-0.09067310392856598,0.6509152853445256,0.00011768763748993339,success,4.134205341339111
paul15,vae,mse,10,19,2730,2000,43,,paul15_clusters,in_memory,unknown,,,,0.6467487600260166,46,2.119762420654297,34.533203125,-0.0005810351807785296,-0.00022543169406983975,-0.0953139066696167,0.650736118105305,0.00010598006590932387,success,3.888728618621826
paul15,vae,mse,10,19,2730,2000,44,,paul15_clusters,in_memory,unknown,,,,0.6550198880744068,45,2.1129703521728516,34.533203125,0.0015610539933040646,0.003515272566580986,-0.1604807823896408,0.6513442154332395,0.00011656815245258272,success,3.8174550533294678
paul15,vae,mse,12,19,2730,2000,42,,paul15_clusters,in_memory,unknown,,,,0.6502278652383294,47,2.116434097290039,34.54736328125,0.0007999303155787316,0.0027055829253725696,-0.09924015402793884,0.6514552954352383,0.0002539256100580884,success,4.032980442047119
paul15,vae,mse,12,19,2730,2000,43,,paul15_clusters,in_memory,unknown,,,,0.6484684328456501,43,2.1049232482910156,34.54736328125,-0.0005512900370166099,-0.0006520938962314637,-0.13508357107639313,0.6524428828295334,8.15193163637309e-05,success,3.716550588607788
paul15,vae,mse,12,19,2730,2000,44,,paul15_clusters,in_memory,unknown,,,,0.6553519448954543,40,2.1149520874023438,34.54736328125,-0.00043953954966256684,0.0005343946642401824,-0.09423988312482834,0.6534730133556185,0.0001238744701050548,success,3.6261045932769775
paul15,vae,mse,16,19,2730,2000,42,,paul15_clusters,in_memory,unknown,,,,0.6505152729404715,69,2.1367225646972656,34.57568359375,-0.00034550977903425516,0.0027890309074400954,-0.09037065505981445,0.6506269389456445,9.281353237974338e-05,success,5.348556756973267
paul15,vae,mse,16,19,2730,2000,43,,paul15_clusters,in_memory,unknown,,,,0.6482065485947298,53,2.1143856048583984,34.57568359375,-0.0005261441282926849,-0.0032601861867061657,-0.10522643476724625,0.6528173839652931,8.395509484118519e-05,success,4.478834390640259
paul15,vae,mse,16,19,2730,2000,44,,paul15_clusters,in_memory,unknown,,,,0.6562793091103271,46,2.1036558151245117,34.57568359375,-0.00029455149327810694,0.001976085822763391,-0.1116868257522583,0.6525037617910476,0.00011104714350405888,success,3.8220653533935547
paul15,vae,mse,20,19,2730,2000,42,,paul15_clusters,in_memory,unknown,,,,0.6505139205918644,61,2.125332832336426,34.60400390625,0.001789142671653649,-0.0018430814998572234,-0.08560280501842499,0.6517037684664185,9.157288952092806e-05,success,4.988201379776001
paul15,vae,mse,20,19,2730,2000,43,,paul15_clusters,in_memory,unknown,,,,0.6472373235793341,64,2.1187734603881836,34.60400390625,-0.00030478760870038875,-0.0010118522149605493,-0.1906234174966812,0.6514735560277443,0.000317393508286883,success,5.102159023284912
paul15,vae,mse,20,19,2730,2000,44,,paul15_clusters,in_memory,unknown,,,,0.6582318214706449,32,2.1083984375,34.60400390625,0.000139541460500613,0.0007708714428279918,-0.06278616935014725,0.6565637694610345,7.8161148868462e-05,success,3.291247606277466
paul15,vae,mse,24,19,2730,2000,42,,paul15_clusters,in_memory,unknown,,,,0.6509430017663446,48,2.1037559509277344,34.63232421875,0.00016568962813782705,0.0013858875462643152,-0.16704049706459045,0.6532364000330915,9.933144459468102e-05,success,3.858168125152588
paul15,vae,mse,24,19,2730,2000,43,,paul15_clusters,in_memory,unknown,,,,0.6493783835526351,64,2.1162147521972656,34.63232421875,-0.0009960036924285714,-0.0021840315931410514,-0.08726898580789566,0.6517467456422883,0.00011823351792669733,success,5.059520244598389
paul15,vae,mse,24,19,2730,2000,44,,paul15_clusters,in_memory,unknown,,,,0.655972101749518,55,2.110433578491211,34.63232421875,0.000765728869178383,0.0014474708641285005,-0.11403614282608032,0.6516972907733568,8.931499873452189e-05,success,4.465388059616089
paul15,vae,mse,32,19,2730,2000,42,,paul15_clusters,in_memory,unknown,,,,0.6528949058536209,57,2.12583065032959,34.68896484375,-0.0006218529848583341,-0.0004523608475768617,-0.10210630297660828,0.6527352119103457,8.71488640553732e-05,success,4.6864519119262695
paul15,vae,mse,32,19,2730,2000,43,,paul15_clusters,in_memory,unknown,,,,0.6533894338013925,31,2.1129255294799805,34.68896484375,0.0009716610751599362,0.00024154396156947843,-0.06017371267080307,0.6564933364644592,0.00010367960975417136,success,3.0383248329162598
paul15,vae,mse,32,19,2730,2000,44,,paul15_clusters,in_memory,unknown,,,,0.656439374436389,45,2.1044511795043945,34.68896484375,-0.0012549552071490161,-0.0011591858115006274,-0.20510916411876678,0.6541976315634591,0.00010784090998768446,success,3.796170473098755
paul15,vae,mse,48,19,2730,2000,42,,paul15_clusters,in_memory,unknown,,,,0.6532045890996744,68,2.119074821472168,34.80224609375,-0.0006825769282359053,-0.0008891291097543419,-0.17453180253505707,0.6516108391049144,0.0001261804187449687,success,5.710176467895508
paul15,vae,mse,48,19,2730,2000,43,,paul15_clusters,in_memory,unknown,,,,0.6478082707950047,54,2.100191116333008,34.80224609375,0.000386710033108456,0.00044633058651462256,-0.09962421655654907,0.6530828907812908,0.00011681785764047892,success,4.469351053237915
paul15,vae,mse,48,19,2730,2000,44,,paul15_clusters,in_memory,unknown,,,,0.6575566469094692,53,2.123638153076172,34.80224609375,-0.0008629862282575188,-0.0003346561948328193,-0.1908283233642578,0.6532102069138608,9.814532521427537e-05,success,4.37581467628479
paul15,vae,mse,64,19,2730,2000,42,,paul15_clusters,in_memory,unknown,,,,0.6549903680553366,50,2.1266422271728516,34.91552734375,-0.00024293427369722606,-0.0007882176000661034,-0.1275319755077362,0.6540877856177725,0.00012650046325417513,success,4.394365549087524
paul15,vae,mse,64,19,2730,2000,43,,paul15_clusters,in_memory,unknown,,,,0.6503716174499455,62,2.1292734146118164,34.91552734375,2.2154115602923716e-05,-0.0007026278484352015,-0.08169644325971603,0.6528589574845283,0.0001129426004504265,success,5.028295040130615
paul15,vae,mse,64,19,2730,2000,44,,paul15_clusters,in_memory,unknown,,,,0.6578983719095642,47,2.125912666320801,34.91552734375,0.000499548969507556,0.00011320199316297909,-0.10975717753171921,0.655025790811895,0.00011536811950340414,success,4.123152256011963
paul15,scvi,nb,2,19,2730,2000,42,,paul15_clusters,in_memory,unknown,,,,,100,,,0.33591748748898537,0.6033319099440232,0.08679049462080002,1291.7489013671875,0.0003608420022013767,success,26.52234125137329
paul15,scvi,nb,2,19,2730,2000,43,,paul15_clusters,in_memory,unknown,,,,,100,,,0.35708570086151137,0.6118077631605944,0.08724513649940491,1291.191650390625,0.0003628588677461931,success,26.87922239303589
paul15,scvi,nb,2,19,2730,2000,44,,paul15_clusters,in_memory,unknown,,,,,100,,,0.3496977897076653,0.6092695575536528,0.0727071762084961,1291.6043701171875,0.00036088482724374547,success,26.11154079437256
paul15,scvi,nb,4,19,2730,2000,42,,paul15_clusters,in_memory,unknown,,,,,100,,,0.31799321874309344,0.5733787015523444,0.05770641565322876,1280.626953125,0.000358199537435782,success,26.63185167312622
paul15,scvi,nb,4,19,2730,2000,43,,paul15_clusters,in_memory,unknown,,,,,100,,,0.2916128907755491,0.5612015589862052,0.06327316910028458,1281.1810302734375,0.000361237798434765,success,26.611833810806274
paul15,scvi,nb,4,19,2730,2000,44,,paul15_clusters,in_memory,unknown,,,,,100,,,0.29962407862591395,0.5547352823249005,0.056510236114263535,1280.940673828125,0.0003610043143984908,success,26.48332166671753
paul15,scvi,nb,6,19,2730,2000,42,,paul15_clusters,in_memory,unknown,,,,,100,,,0.30497466690717673,0.5674128347554593,0.059707965701818466,1279.0150146484375,0.00035782024732244915,success,26.00525140762329
paul15,scvi,nb,6,19,2730,2000,43,,paul15_clusters,in_memory,unknown,,,,,100,,,0.3059081787156755,0.56134930285368,0.056397490203380585,1278.7919921875,0.000354622788927735,success,25.702531576156616
paul15,scvi,nb,6,19,2730,2000,44,,paul15_clusters,in_memory,unknown,,,,,100,,,0.2820619319575404,0.5470228650051654,0.048259709030389786,1277.41162109375,0.0003623907551213767,success,26.418128967285156
paul15,scvi,nb,8,19,2730,2000,42,,paul15_clusters,in_memory,unknown,,,,,100,,,0.28315676102715054,0.536938401461124,0.04523679241538048,1276.9320068359375,0.00036245193581142083,success,26.652247667312622
paul15,scvi,nb,8,19,2730,2000,43,,paul15_clusters,in_memory,unknown,,,,,100,,,0.292274916540042,0.5530257489414311,0.046788644045591354,1276.41015625,0.00035716043201562486,success,26.420401334762573
paul15,scvi,nb,8,19,2730,2000,44,,paul15_clusters,in_memory,unknown,,,,,100,,,0.28326539458977734,0.5470509653255131,0.04403181001543999,1276.4990234375,0.00036067165810131115,success,26.29342246055603
paul15,scvi,nb,10,19,2730,2000,42,,paul15_clusters,in_memory,unknown,,,,,100,,,0.2905181804269611,0.5407946388733995,0.04675818234682083,1278.4830322265625,0.0003601156500694775,success,26.205880880355835
paul15,scvi,nb,10,19,2730,2000,43,,paul15_clusters,in_memory,unknown,,,,,100,,,0.2834447942218886,0.5381000980176451,0.0447610579431057,1277.489013671875,0.0003528887233900435,success,25.95976734161377
paul15,scvi,nb,10,19,2730,2000,44,,paul15_clusters,in_memory,unknown,,,,,100,,,0.27901374371687016,0.5464794011553975,0.040563758462667465,1275.8114013671875,0.0003625711670840686,success,27.659279584884644
paul15,scvi,nb,12,19,2730,2000,42,,paul15_clusters,in_memory,unknown,,,,,100,,,0.3012617419198366,0.5565982378673753,0.04148191213607788,1278.36572265625,0.0003571006259497594,success,26.502188205718994
paul15,scvi,nb,12,19,2730,2000,43,,paul15_clusters,in_memory,unknown,,,,,100,,,0.29676947250911906,0.5506112429362003,0.04348653554916382,1279.992919921875,0.00030943476516040686,success,26.256660223007202
paul15,scvi,nb,12,19,2730,2000,44,,paul15_clusters,in_memory,unknown,,,,,100,,,0.29889166158094105,0.5530456569124999,0.04104290157556534,1278.33056640625,0.0003621948498271405,success,26.2031192779541
paul15,scvi,nb,16,19,2730,2000,42,,paul15_clusters,in_memory,unknown,,,,,100,,,0.29473828065488245,0.5542678702634366,0.04355042800307274,1281.9779052734375,0.0003613214302960473,success,26.27342438697815
paul15,scvi,nb,16,19,2730,2000,43,,paul15_clusters,in_memory,unknown,,,,,100,,,0.3022029146206167,0.5506309562420962,0.045657310634851456,1280.5772705078125,0.0003393513895531749,success,26.612120628356934
paul15,scvi,nb,16,19,2730,2000,44,,paul15_clusters,in_memory,unknown,,,,,100,,,0.2688557422041754,0.5349817173145227,0.03915637731552124,1280.488037109375,0.00036182573879877294,success,26.34415292739868
paul15,scvi,nb,20,19,2730,2000,42,,paul15_clusters,in_memory,unknown,,,,,100,,,0.2729346745549007,0.5439565316360763,0.03995834290981293,1282.931640625,0.00036305044792240784,success,26.413198471069336
paul15,scvi,nb,20,19,2730,2000,43,,paul15_clusters,in_memory,unknown,,,,,100,,,0.28713095554369034,0.5460397135136271,0.03818616643548012,1283.7928466796875,0.0003628940075062203,success,26.210415363311768
paul15,scvi,nb,20,19,2730,2000,44,,paul15_clusters,in_memory,unknown,,,,,100,,,0.2696400426037435,0.5299551816710082,0.034412793815135956,1283.4705810546875,0.00036232545553025207,success,26.028244256973267
paul15,scvi,nb,24,19,2730,2000,42,,paul15_clusters,in_memory,unknown,,,,,100,,,0.2860448038358782,0.540323915880675,0.04219537973403931,1285.04541015625,0.0003627488875459589,success,26.167372941970825
paul15,scvi,nb,24,19,2730,2000,43,,paul15_clusters,in_memory,unknown,,,,,100,,,0.2825678368295484,0.5374523432807385,0.041471123695373535,1283.824951171875,0.0003581668278107501,success,26.777652978897095
paul15,scvi,nb,24,19,2730,2000,44,,paul15_clusters,in_memory,unknown,,,,,100,,,0.32028930830478575,0.5542683394771831,0.040274493396282196,1284.39404296875,0.00036305212352009985,success,26.418822050094604
paul15,scvi,nb,32,19,2730,2000,42,,paul15_clusters,in_memory,unknown,,,,,100,,,0.29383597625086144,0.5516859555637369,0.04153445363044739,1285.2158203125,0.0003617102186457608,success,26.914541482925415
paul15,scvi,nb,32,19,2730,2000,43,,paul15_clusters,in_memory,unknown,,,,,100,,,0.26690748040129436,0.5363025417903112,0.044163111597299576,1284.2203369140625,0.00036327629228787294,success,26.057960271835327
paul15,scvi,nb,32,19,2730,2000,44,,paul15_clusters,in_memory,unknown,,,,,100,,,0.2606453331340764,0.5285866522601221,0.03842932730913162,1284.2525634765625,0.0003582863843509924,success,25.982833862304688
paul15,scvi,nb,48,19,2730,2000,42,,paul15_clusters,in_memory,unknown,,,,,100,,,0.24853859740702464,0.5186756558250276,0.04325183108448982,1286.85498046875,0.0003630223916939689,success,26.301970958709717
paul15,scvi,nb,48,19,2730,2000,43,,paul15_clusters,in_memory,unknown,,,,,100,,,0.3162073152735467,0.5633677344323705,0.04822888970375061,1287.5013427734375,0.0003634147921988777,success,26.434142351150513
paul15,scvi,nb,48,19,2730,2000,44,,paul15_clusters,in_memory,unknown,,,,,100,,,0.2872604084303499,0.539589234039226,0.04010793939232826,1286.4376220703125,0.00036109243032205217,success,26.56444215774536
paul15,scvi,nb,64,19,2730,2000,42,,paul15_clusters,in_memory,unknown,,,,,100,,,0.27521111763544553,0.5415003453316852,0.04354493319988251,1288.36083984375,0.00035947933494039584,success,26.159857034683228
paul15,scvi,nb,64,19,2730,2000,43,,paul15_clusters,in_memory,unknown,,,,,100,,,0.2696337951621934,0.5264453321534747,0.04493553936481476,1286.940185546875,0.000359633400300999,success,25.77934193611145
paul15,scvi,nb,64,19,2730,2000,44,,paul15_clusters,in_memory,unknown,,,,,100,,,0.2745572959088761,0.5387307881846779,0.04658937081694603,1286.7293701171875,0.0003619620230231199,success,25.838325023651123
