dataset,model_type,loss_type,latent_dim,K,n_cells,n_cells_eval,eval_split,n_genes,seed,batch_key,label_key,label_source,label_source_category,label_trust,onboard_source_label_key,onboard_source_batch_key,onboard_source_label_ontology_key,onboard_source_label_ontology_nonnull_fraction,onboard_contract_label_key,onboard_contract_batch_key,ts2_ground_truth_evidence,is_ground_truth_labels,is_untrusted_labels,is_curated_labels,is_inferred_labels,is_synthetic,n_batches,zero_fraction,external_metrics_enabled,external_metrics_note,data_mode,requested_data_mode,effective_data_mode,backed_fallback_reason,git_commit,fit_formula_name,fit_score_r2,fit_rmse,elbo,calinski_harabasz,davies_bouldin,trustworthiness,continuity,silhouette_sampled,silhouette_n_used,silhouette_n_total,batch_silhouette,batch_silhouette_mixing,batch_knn_entropy,batch_metrics_mode,batch_metrics_n_used,batch_metrics_n_total,centrality_mode,centrality_n_used,centrality_n_total,error,error_type,best_val_loss,total_epochs,peak_cpu_mem_mb,peak_gpu_mem_mb,ari,ami,silhouette,silhouette_kmeans,silhouette_true_labels,reconstruction_loss,centrality_variance,status,runtime_seconds
scvi_pbmc12k,ae,nb,2,9,11989,1199,test,2000,42,batch,labels,provided:labels,provided,ground_truth,,,,,,,False,True,False,True,False,False,2,0.8924562135112594,True,enabled_ground_truth,in_memory,in_memory,in_memory,,e849ec8,,,,,2225.309334545441,0.7947880386943682,0.8204662575656035,0.8023372401714555,False,1199,1199,-0.0038178509566932917,0.0038178509566932917,0.8568325706556289,full,1199,1199,full,1199,1199,,none,683.3874450123639,60,2.237790107727051,56.2783203125,0.4598815443947299,0.664192803058212,0.4289269745349884,0.4289269745349884,0.3223361670970917,0.3408851231556321,0.0008196369095986606,success,29.47997760772705
scvi_pbmc12k,ae,nb,2,9,11989,1199,test,2000,43,batch,labels,provided:labels,provided,ground_truth,,,,,,,False,True,False,True,False,False,2,0.8923990825688073,True,enabled_ground_truth,in_memory,in_memory,in_memory,,e849ec8,,,,,1620.1451996813666,0.7401266968724673,0.81425551239523,0.7679546837589959,False,1199,1199,-0.010809877887368202,0.010809877887368202,0.8688760497721598,full,1199,1199,full,1199,1199,,none,670.4286859940249,60,2.1861648559570312,56.2783203125,0.5638614524877382,0.6936525200774051,0.457907110452652,0.457907110452652,0.33402013778686523,0.3420666361521243,0.0008013671087024593,success,16.27681612968445
scvi_pbmc12k,ae,nb,4,9,11989,1199,test,2000,42,batch,labels,provided:labels,provided,ground_truth,,,,,,,False,True,False,True,False,False,2,0.8924562135112594,True,enabled_ground_truth,in_memory,in_memory,in_memory,,e849ec8,,,,,1018.3200130967467,0.9008528525678217,0.8406196319490984,0.8266966104555363,False,1199,1199,-0.0028140279464423656,0.0028140279464423656,0.8468770254120077,full,1199,1199,full,1199,1199,,none,677.3458746750222,60,2.1031150817871094,56.283203125,0.5568852786625916,0.6402340356357272,0.4191405475139618,0.4191405475139618,0.302692174911499,0.3382276541447023,0.0008115532372602778,success,16.292536973953247
scvi_pbmc12k,ae,nb,4,9,11989,1199,test,2000,43,batch,labels,provided:labels,provided,ground_truth,,,,,,,False,True,False,True,False,False,2,0.8923990825688073,True,enabled_ground_truth,in_memory,in_memory,in_memory,,e849ec8,,,,,717.4816451171653,0.9322709041966039,0.8351496384126431,0.7536009927108303,False,1199,1199,-0.0021453173831105232,0.0021453173831105232,0.8673287781765201,full,1199,1199,full,1199,1199,,none,666.059746698502,60,2.096320152282715,56.283203125,0.6417494524499154,0.6765689845867819,0.41412433981895447,0.41412433981895447,0.308794230222702,0.3383242663887762,0.0007938819890537811,success,21.92757511138916
scvi_pbmc12k,ae,nb,8,9,11989,1199,test,2000,42,batch,labels,provided:labels,provided,ground_truth,,,,,,,False,True,False,True,False,False,2,0.8924562135112594,True,enabled_ground_truth,in_memory,in_memory,in_memory,,e849ec8,,,,,765.0313275075412,0.9422774778802032,0.8527414042908693,0.7636040108990909,False,1199,1199,-0.0024953593965619802,0.0024953593965619802,0.8430921905749512,full,1199,1199,full,1199,1199,,none,676.5270441737744,60,2.0828285217285156,56.29296875,0.64754548408244,0.687076571622951,0.36343759298324585,0.36343759298324585,0.24828940629959106,0.3379976498126188,0.0008141547714899062,success,16.19951820373535
scvi_pbmc12k,ae,nb,8,9,11989,1199,test,2000,43,batch,labels,provided:labels,provided,ground_truth,,,,,,,False,True,False,True,False,False,2,0.8923990825688073,True,enabled_ground_truth,in_memory,in_memory,in_memory,,e849ec8,,,,,593.2208442381339,1.1494638810925153,0.8484988539988193,0.7423808953585027,False,1199,1199,-0.00646569998934865,0.00646569998934865,0.8517541175810698,full,1199,1199,full,1199,1199,,none,664.9259176755369,60,2.0875234603881836,56.29296875,0.6259730108932116,0.6827952994935538,0.3346344232559204,0.3346344232559204,0.2149006575345993,0.33758931869859987,0.0008005929774352056,success,16.075485229492188
scvi_pbmc12k,ae,nb,16,9,11989,1199,test,2000,42,batch,labels,provided:labels,provided,ground_truth,,,,,,,False,True,False,True,False,False,2,0.8924562135112594,True,enabled_ground_truth,in_memory,in_memory,in_memory,,e849ec8,,,,,507.60000529744735,0.9993842746730065,0.8544703849905708,0.777048463980269,False,1199,1199,0.0006549051031470299,-0.0006549051031470299,0.8550322535835471,full,1199,1199,full,1199,1199,,none,675.6857436739275,60,2.096266746520996,56.3125,0.6411750299915113,0.6967258504464029,0.33767905831336975,0.33767905831336975,0.25536397099494934,0.33738683471091097,0.0008136159010429402,success,16.512466192245483
scvi_pbmc12k,ae,nb,16,9,11989,1199,test,2000,43,batch,labels,provided:labels,provided,ground_truth,,,,,,,False,True,False,True,False,False,2,0.8923990825688073,True,enabled_ground_truth,in_memory,in_memory,in_memory,,e849ec8,,,,,562.007181987108,1.0469158846153714,0.8485848478546003,0.7644514845494671,False,1199,1199,-0.007486036513000727,0.007486036513000727,0.8697848052736821,full,1199,1199,full,1199,1199,,none,665.3162469171901,60,2.0900487899780273,56.3125,0.6442243959527121,0.692007114779016,0.3724789321422577,0.3724789321422577,0.2726247012615204,0.3377644800463749,0.0007959353802892088,success,16.377164840698242
scvi_pbmc12k,ae,nb,24,9,11989,1199,test,2000,42,batch,labels,provided:labels,provided,ground_truth,,,,,,,False,True,False,True,False,False,2,0.8924562135112594,True,enabled_ground_truth,in_memory,in_memory,in_memory,,e849ec8,,,,,526.9853748651808,1.1630007307944084,0.8558261187429491,0.8169319661150595,False,1199,1199,-0.0007478470215573907,0.0007478470215573907,0.8599306727018039,full,1199,1199,full,1199,1199,,none,675.755567485437,60,2.091982841491699,56.33203125,0.6493147011813254,0.7138966820189462,0.332891583442688,0.332891583442688,0.28485071659088135,0.3375697316131162,0.0008131307593011016,success,18.173197984695435
scvi_pbmc12k,ae,nb,24,9,11989,1199,test,2000,43,batch,labels,provided:labels,provided,ground_truth,,,,,,,False,True,False,True,False,False,2,0.8923990825688073,True,enabled_ground_truth,in_memory,in_memory,in_memory,,e849ec8,,,,,494.89066680238545,1.1389379001844055,0.8500464632925983,0.7819006742954702,False,1199,1199,-0.007361953612416983,0.007361953612416983,0.8665432569484602,full,1199,1199,full,1199,1199,,none,666.1259912231548,60,2.0908899307250977,56.33203125,0.6338372395361966,0.6831092828304073,0.34873223304748535,0.34873223304748535,0.31079715490341187,0.3382420406130774,0.0008052240931510651,success,16.5647873878479
scvi_pbmc12k,ae,nb,32,9,11989,1199,test,2000,42,batch,labels,provided:labels,provided,ground_truth,,,,,,,False,True,False,True,False,False,2,0.8924562135112594,True,enabled_ground_truth,in_memory,in_memory,in_memory,,e849ec8,,,,,359.61546791954515,1.0243540000192017,0.857966161277695,0.8019878025978828,False,1199,1199,2.7016209060093388e-05,-2.7016209060093388e-05,0.8560313216786459,full,1199,1199,full,1199,1199,,none,675.405914179378,60,2.0771493911743164,56.3515625,0.6671446461353828,0.7354303235542881,0.3396965265274048,0.3396965265274048,0.25225263833999634,0.33738192207520956,0.0008087798276198361,success,16.393083095550537
scvi_pbmc12k,ae,nb,32,9,11989,1199,test,2000,43,batch,labels,provided:labels,provided,ground_truth,,,,,,,False,True,False,True,False,False,2,0.8923990825688073,True,enabled_ground_truth,in_memory,in_memory,in_memory,,e849ec8,,,,,344.33352822048204,1.2738478857153133,0.8539576431240979,0.7642244551679996,False,1199,1199,-0.006731027737259865,0.006731027737259865,0.8692928195158175,full,1199,1199,full,1199,1199,,none,662.520835641029,60,2.074212074279785,56.3515625,0.6896424566224307,0.7320301472810088,0.29918769001960754,0.29918769001960754,0.2504424750804901,0.3366131373402275,0.0008017848747383997,success,16.356759071350098
scvi_pbmc12k,vae,nb,2,9,11989,1199,test,2000,42,batch,labels,provided:labels,provided,ground_truth,,,,,,,False,True,False,True,False,False,2,0.8924562135112594,True,enabled_ground_truth,in_memory,in_memory,in_memory,,e849ec8,,,,-687.4292854010015,1210.0256873586713,0.7511174746568569,0.814217557452369,0.7934700691662308,False,1199,1199,-0.0028728977777063847,0.0028728977777063847,0.8672982224472072,full,1199,1199,failed,1199,1199,,none,687.4143508262093,60,2.1282100677490234,56.28857421875,0.6029629381407217,0.6949730030282811,0.48354625701904297,0.48354625701904297,0.31780293583869934,0.3414090442796664,,success,17.613215684890747
scvi_pbmc12k,vae,nb,2,9,11989,1199,test,2000,43,batch,labels,provided:labels,provided,ground_truth,,,,,,,False,True,False,True,False,False,2,0.8923990825688073,True,enabled_ground_truth,in_memory,in_memory,in_memory,,e849ec8,,,,-686.2792072312051,1192.6383577444897,0.751991333473296,0.8209738173919072,0.7753200435011264,False,1199,1199,-0.011673333123326302,0.011673333123326302,0.8689860838491561,full,1199,1199,full,1199,1199,,none,675.0785819237385,60,2.10726261138916,56.28857421875,0.6279738149771514,0.7277213978399544,0.46808314323425293,0.46808314323425293,0.3383582532405853,0.34073359057543373,0.0008112434645304189,success,17.748842239379883
scvi_pbmc12k,vae,nb,4,9,11989,1199,test,2000,42,batch,labels,provided:labels,provided,ground_truth,,,,,,,False,True,False,True,False,False,2,0.8924562135112594,True,enabled_ground_truth,in_memory,in_memory,in_memory,,e849ec8,,,,-682.9970665455262,428.73406632782866,1.008023706114904,0.838202560348009,0.8102229047576031,False,1199,1199,0.0020822607912123203,-0.0020822607912123203,0.8546210372270039,full,1199,1199,full,1199,1199,,none,683.7435677904601,60,2.102219581604004,56.302734375,0.5809147462475849,0.694508318653813,0.3580021560192108,0.3580021560192108,0.2901194989681244,0.3382987851794309,0.0008147694253971819,success,17.65444254875183
scvi_pbmc12k,vae,nb,4,9,11989,1199,test,2000,43,batch,labels,provided:labels,provided,ground_truth,,,,,,,False,True,False,True,False,False,2,0.8923990825688073,True,enabled_ground_truth,in_memory,in_memory,in_memory,,e849ec8,,,,-683.5625355317256,412.0840809742464,1.0880430540480472,0.8339976848885406,0.7909706451429928,False,1199,1199,-0.00374677125364542,0.00374677125364542,0.8730340090035867,full,1199,1199,full,1199,1199,,none,672.8443671219343,60,2.1124696731567383,56.302734375,0.5251428826790895,0.710163439083738,0.34219738841056824,0.34219738841056824,0.2968675196170807,0.33858479125684654,0.0008146162977669611,success,17.738537311553955
scvi_pbmc12k,vae,nb,8,9,11989,1199,test,2000,42,batch,labels,provided:labels,provided,ground_truth,,,,,,,False,True,False,True,False,False,2,0.8924562135112594,True,enabled_ground_truth,in_memory,in_memory,in_memory,,e849ec8,,,,-682.4744270840121,356.64184975753057,1.1062519916822826,0.8465184743233412,0.8242211358611886,False,1199,1199,0.0031466882210224867,-0.0031466882210224867,0.8559685076295205,full,1199,1199,full,1199,1199,,none,683.3679784626837,60,2.160151481628418,56.3310546875,0.5241484316517545,0.7171364557974523,0.34701210260391235,0.34701210260391235,0.3167189359664917,0.3380092703818877,0.000699547404458767,success,17.996482372283936
scvi_pbmc12k,vae,nb,8,9,11989,1199,test,2000,43,batch,labels,provided:labels,provided,ground_truth,,,,,,,False,True,False,True,False,False,2,0.8923990825688073,True,enabled_ground_truth,in_memory,in_memory,in_memory,,e849ec8,,,,-683.7342633143179,305.3043738149704,1.1284663475597345,0.8381842131247073,0.775994829164242,False,1199,1199,-0.004595535341650248,0.004595535341650248,0.8671004366596476,full,1199,1199,full,1199,1199,,none,673.0185284713987,60,2.145843505859375,56.3310546875,0.5325433135397654,0.7063997160135902,0.3100758194923401,0.3100758194923401,0.25760430097579956,0.3386008789431959,0.000813207829304883,success,17.61262822151184
scvi_pbmc12k,vae,nb,16,9,11989,1199,test,2000,42,batch,labels,provided:labels,provided,ground_truth,,,,,,,False,True,False,True,False,False,2,0.8924562135112594,True,enabled_ground_truth,in_memory,in_memory,in_memory,,e849ec8,,,,-682.7510448770786,391.6170028943556,1.013225032851663,0.8437878192644443,0.820487686001979,False,1199,1199,0.003958188928663731,-0.003958188928663731,0.8551989488774657,full,1199,1199,full,1199,1199,,none,683.6245104461237,60,2.1174354553222656,56.3876953125,0.6749427043730956,0.7788532332739816,0.3781284689903259,0.3781284689903259,0.3274557590484619,0.33824673091202007,0.0007228918558194941,success,17.946603298187256
scvi_pbmc12k,vae,nb,16,9,11989,1199,test,2000,43,batch,labels,provided:labels,provided,ground_truth,,,,,,,False,True,False,True,False,False,2,0.8923990825688073,True,enabled_ground_truth,in_memory,in_memory,in_memory,,e849ec8,,,,-683.6680133428248,377.75381005865944,1.1037147667399412,0.8329528735463152,0.7793962082872027,False,1199,1199,-0.005994200706481934,0.005994200706481934,0.879687667612611,full,1199,1199,full,1199,1199,,none,672.8529922701698,60,2.131450653076172,56.3876953125,0.5221233390976009,0.7052996959234246,0.3448534309864044,0.3448534309864044,0.2945079803466797,0.3387647261462478,0.0007497369676679428,success,18.0825936794281
scvi_pbmc12k,vae,nb,24,9,11989,1199,test,2000,42,batch,labels,provided:labels,provided,ground_truth,,,,,,,False,True,False,True,False,False,2,0.8924562135112594,True,enabled_ground_truth,in_memory,in_memory,in_memory,,e849ec8,,,,-682.4940498103889,311.2726928744141,1.1477790118818882,0.8430424458109158,0.785022363304433,False,1199,1199,0.0034239660017192364,-0.0034239660017192364,0.8676044006860957,full,1199,1199,full,1199,1199,,none,683.320923258803,60,2.120791435241699,56.4443359375,0.5191961434814966,0.7184932293460139,0.3048546612262726,0.3048546612262726,0.26988062262535095,0.33804561880054423,0.0008034456713452357,success,18.12147545814514
scvi_pbmc12k,vae,nb,24,9,11989,1199,test,2000,43,batch,labels,provided:labels,provided,ground_truth,,,,,,,False,True,False,True,False,False,2,0.8923990825688073,True,enabled_ground_truth,in_memory,in_memory,in_memory,,e849ec8,,,,-683.3224741320893,343.09516849797694,0.9795640547807588,0.8363437485337978,0.7770226938345627,False,1199,1199,-0.0051828427240252495,0.0051828427240252495,0.8706198201128069,full,1199,1199,full,1199,1199,,none,672.6804076537577,60,2.1123456954956055,56.4443359375,0.6768763370782123,0.7525544756933656,0.3688182532787323,0.3688182532787323,0.30324187874794006,0.338560487972487,0.000817706465686797,success,18.12706232070923
scvi_pbmc12k,vae,nb,32,9,11989,1199,test,2000,42,batch,labels,provided:labels,provided,ground_truth,,,,,,,False,True,False,True,False,False,2,0.8924562135112594,True,enabled_ground_truth,in_memory,in_memory,in_memory,,e849ec8,,,,-682.6108403018955,373.89913968132817,0.9285108784090497,0.8459260410823741,0.8156966797828304,False,1199,1199,0.0034499280154705048,-0.0034499280154705048,0.8551711398093197,full,1199,1199,full,1199,1199,,none,683.5006273029445,60,2.1082630157470703,56.5009765625,0.7029252472597066,0.7864498051564349,0.3738648295402527,0.3738648295402527,0.3236926794052124,0.33828523635764834,0.0007776295006441061,success,17.96479320526123
scvi_pbmc12k,vae,nb,32,9,11989,1199,test,2000,43,batch,labels,provided:labels,provided,ground_truth,,,,,,,False,True,False,True,False,False,2,0.8923990825688073,True,enabled_ground_truth,in_memory,in_memory,in_memory,,e849ec8,,,,-684.4832843083755,428.3557902558161,0.975048858345832,0.8330261223843827,0.7829419842592029,False,1199,1199,-0.005049252416938543,0.005049252416938543,0.8774419818017918,full,1199,1199,full,1199,1199,,none,673.4628153873344,60,2.1267080307006836,56.5009765625,0.6600135959435498,0.7350411117151185,0.3865259885787964,0.3865259885787964,0.33381226658821106,0.3391590645603581,0.0007993488320808926,success,18.148986101150513
scvi_pbmc12k,scvi,nb,2,9,11989,1199,test,2000,42,batch,labels,provided:labels,provided,ground_truth,,,,,,,False,True,False,True,False,False,2,0.8924562135112594,True,enabled_ground_truth,in_memory,in_memory,in_memory,,e849ec8,,,,-677.559814453125,2937.1615920228464,0.5950243994293005,0.8332474095051221,0.8315324343193915,False,1199,1199,-0.0005473458440974355,0.0005473458440974355,0.8601770116666229,full,1199,1199,full,1199,1199,,none,,60,,,0.6853547342888436,0.8000617009000589,0.5465273857116699,0.5465273857116699,0.4967610239982605,670.6675415039062,0.0008054132968626852,success,49.03260159492493
scvi_pbmc12k,scvi,nb,2,9,11989,1199,test,2000,43,batch,labels,provided:labels,provided,ground_truth,,,,,,,False,True,False,True,False,False,2,0.8923990825688073,True,enabled_ground_truth,in_memory,in_memory,in_memory,,e849ec8,,,,-678.8873291015625,2850.1823465889333,0.6147533465219637,0.8257107623271281,0.8330373267955594,False,1199,1199,0.0029901117086410522,-0.0029901117086410522,0.8655584516930286,full,1199,1199,full,1199,1199,,none,,60,,,0.6412427083426784,0.7696198007273712,0.5296788811683655,0.5296788811683655,0.4727793335914612,672.1862182617188,0.0008144112791966518,success,47.009130239486694
scvi_pbmc12k,scvi,nb,4,9,11989,1199,test,2000,42,batch,labels,provided:labels,provided,ground_truth,,,,,,,False,True,False,True,False,False,2,0.8924562135112594,True,enabled_ground_truth,in_memory,in_memory,in_memory,,e849ec8,,,,-677.4069213867188,722.0977878720163,0.921464276616538,0.8462761789316454,0.8448894929933914,False,1199,1199,0.005407631862908602,-0.005407631862908602,0.8473365101964941,full,1199,1199,full,1199,1199,,none,,60,,,0.6857410073468875,0.7949102279413932,0.42376846075057983,0.42376846075057983,0.3876861333847046,666.361572265625,0.0008126695390919103,success,46.91522693634033
scvi_pbmc12k,scvi,nb,4,9,11989,1199,test,2000,43,batch,labels,provided:labels,provided,ground_truth,,,,,,,False,True,False,True,False,False,2,0.8923990825688073,True,enabled_ground_truth,in_memory,in_memory,in_memory,,e849ec8,,,,-678.4096069335938,627.5639265256327,0.9607138621186875,0.8460187575848611,0.8505330148479456,False,1199,1199,0.0035875942558050156,-0.0035875942558050156,0.8761661540043337,full,1199,1199,full,1199,1199,,none,,60,,,0.6466861765322389,0.764618687710469,0.3906591534614563,0.3906591534614563,0.3856222927570343,667.669921875,0.0007586014412258903,success,47.00732111930847
scvi_pbmc12k,scvi,nb,8,9,11989,1199,test,2000,42,batch,labels,provided:labels,provided,ground_truth,,,,,,,False,True,False,True,False,False,2,0.8924562135112594,True,enabled_ground_truth,in_memory,in_memory,in_memory,,e849ec8,,,,-681.3109741210938,260.87725519702985,1.477503152269775,0.8542433556091034,0.8574475370953545,False,1199,1199,0.004915817175060511,-0.004915817175060511,0.8603617240191223,full,1199,1199,full,1199,1199,,none,,60,,,0.6208642173378007,0.7417084041513935,0.25444090366363525,0.25444090366363525,0.27600497007369995,664.22265625,0.0008067889026335681,success,48.56696128845215
scvi_pbmc12k,scvi,nb,8,9,11989,1199,test,2000,43,batch,labels,provided:labels,provided,ground_truth,,,,,,,False,True,False,True,False,False,2,0.8923990825688073,True,enabled_ground_truth,in_memory,in_memory,in_memory,,e849ec8,,,,-681.531494140625,259.47484987461615,1.4271197819899102,0.8532461630143787,0.8635568823445791,False,1199,1199,0.0026522160042077303,-0.0026522160042077303,0.863204348071046,full,1199,1199,full,1199,1199,,none,,60,,,0.5174904316648432,0.7128287086694595,0.24712930619716644,0.24712930619716644,0.27206918597221375,664.0840454101562,0.0007375272850768053,success,47.505964040756226
scvi_pbmc12k,scvi,nb,16,9,11989,1199,test,2000,42,batch,labels,provided:labels,provided,ground_truth,,,,,,,False,True,False,True,False,False,2,0.8924562135112594,True,enabled_ground_truth,in_memory,in_memory,in_memory,,e849ec8,,,,-687.113037109375,169.37483577781592,1.8253996594599746,0.8626535266934592,0.8533835571064328,False,1199,1199,0.003817007876932621,-0.003817007876932621,0.8595486585310472,full,1199,1199,full,1199,1199,,none,,60,,,0.538671908542616,0.7299695004760941,0.1983433961868286,0.1983433961868286,0.21442149579524994,661.371337890625,0.0008151513986351533,success,52.236366987228394
scvi_pbmc12k,scvi,nb,16,9,11989,1199,test,2000,43,batch,labels,provided:labels,provided,ground_truth,,,,,,,False,True,False,True,False,False,2,0.8923990825688073,True,enabled_ground_truth,in_memory,in_memory,in_memory,,e849ec8,,,,-688.514892578125,148.5169294621409,1.8046240627868149,0.8603791712797328,0.859177918346453,False,1199,1199,0.0018505342304706573,-0.0018505342304706573,0.8575783746091867,full,1199,1199,full,1199,1199,,none,,60,,,0.5331249426273228,0.6952123277262822,0.17403064668178558,0.17403064668178558,0.19069039821624756,662.470703125,0.0006920483941810747,success,48.25067472457886
scvi_pbmc12k,scvi,nb,24,9,11989,1199,test,2000,42,batch,labels,provided:labels,provided,ground_truth,,,,,,,False,True,False,True,False,False,2,0.8924562135112594,True,enabled_ground_truth,in_memory,in_memory,in_memory,,e849ec8,,,,-690.6578979492188,129.75094248901644,2.0977155384394393,0.8676037756064563,0.8588839426082049,False,1199,1199,0.0038242482114583254,-0.0038242482114583254,0.8674753862763687,full,1199,1199,full,1199,1199,,none,,60,,,0.5291108900415128,0.7306584684600829,0.1682889610528946,0.1682889610528946,0.18758447468280792,661.1580200195312,0.0007943565420948193,success,48.70463180541992
scvi_pbmc12k,scvi,nb,24,9,11989,1199,test,2000,43,batch,labels,provided:labels,provided,ground_truth,,,,,,,False,True,False,True,False,False,2,0.8923990825688073,True,enabled_ground_truth,in_memory,in_memory,in_memory,,e849ec8,,,,-690.3907470703125,133.70152816050896,1.8966560310582534,0.860851857376249,0.8528668936960482,False,1199,1199,0.0016413112170994282,-0.0016413112170994282,0.8567268078125811,full,1199,1199,full,1199,1199,,none,,60,,,0.5841934049866072,0.7420045517859036,0.1692352443933487,0.1692352443933487,0.1836690604686737,661.76025390625,0.0007846569362657064,success,48.08337926864624
scvi_pbmc12k,scvi,nb,32,9,11989,1199,test,2000,42,batch,labels,provided:labels,provided,ground_truth,,,,,,,False,True,False,True,False,False,2,0.8924562135112594,True,enabled_ground_truth,in_memory,in_memory,in_memory,,e849ec8,,,,-689.540771484375,130.3641079325625,1.8677872115852467,0.8659633097550505,0.8594017264597071,False,1199,1199,0.003804108127951622,-0.003804108127951622,0.8605896169630487,full,1199,1199,full,1199,1199,,none,,60,,,0.614153183631799,0.7564952368656204,0.18824636936187744,0.18824636936187744,0.1936347335577011,660.8636474609375,0.0007517466488425524,success,47.975573778152466
scvi_pbmc12k,scvi,nb,32,9,11989,1199,test,2000,43,batch,labels,provided:labels,provided,ground_truth,,,,,,,False,True,False,True,False,False,2,0.8923990825688073,True,enabled_ground_truth,in_memory,in_memory,in_memory,,e849ec8,,,,-691.6062622070312,119.71629517231722,2.101588504317979,0.8633451189733398,0.8562649114956559,False,1199,1199,0.0008917079539969563,-0.0008917079539969563,0.8497495057088346,full,1199,1199,full,1199,1199,,none,,60,,,0.5412348637349409,0.6962182851711224,0.15067024528980255,0.15067024528980255,0.18742166459560394,661.3847045898438,0.0007609199614086479,success,47.68152213096619
scvi_pbmc12k,ae,mse,2,9,11989,1199,test,2000,42,batch,labels,provided:labels,provided,ground_truth,,,,,,,False,True,False,True,False,False,2,0.8924562135112594,True,enabled_ground_truth,in_memory,in_memory,in_memory,,e849ec8,,,,,8735.02883831814,0.688916136456068,0.8295285253804423,0.8584405280358878,False,1199,1199,-0.0031016706489026546,0.0031016706489026546,0.8454628891245144,full,1199,1199,full,1199,1199,,none,0.34097146455997024,60,2.094437599182129,76.8271484375,0.6163844351656508,0.7283706713526603,0.5234851241111755,0.5234851241111755,0.4690043330192566,0.3397863176934813,0.000808351959189627,success,13.981552124023438
scvi_pbmc12k,ae,mse,2,9,11989,1199,test,2000,43,batch,labels,provided:labels,provided,ground_truth,,,,,,,False,True,False,True,False,False,2,0.8923990825688073,True,enabled_ground_truth,in_memory,in_memory,in_memory,,e849ec8,,,,,8118.677660292042,0.6586275535915065,0.8233784240855625,0.855890544107215,False,1199,1199,0.004958631005138159,-0.004958631005138159,0.8671420481941383,full,1199,1199,full,1199,1199,,none,0.3400732186856719,60,2.057246208190918,76.8271484375,0.6650984853319003,0.7494512083370752,0.5406157374382019,0.5406157374382019,0.5148672461509705,0.34190524094198227,0.0007923644647175226,success,13.85746455192566
scvi_pbmc12k,ae,mse,4,9,11989,1199,test,2000,42,batch,labels,provided:labels,provided,ground_truth,,,,,,,False,True,False,True,False,False,2,0.8924562135112594,True,enabled_ground_truth,in_memory,in_memory,in_memory,,e849ec8,,,,,1250.332797616079,0.9178769753173077,0.854334811615333,0.8778871841844134,False,1199,1199,0.004217993933707476,-0.004217993933707476,0.8531044954077646,full,1199,1199,full,1199,1199,,none,0.3356002404154888,60,2.0948619842529297,76.8310546875,0.6303016488725447,0.7248862991495427,0.4144982397556305,0.4144982397556305,0.4574371576309204,0.3346273496660021,0.0007925450438303737,success,13.94383454322815
scvi_pbmc12k,ae,mse,4,9,11989,1199,test,2000,43,batch,labels,provided:labels,provided,ground_truth,,,,,,,False,True,False,True,False,False,2,0.8923990825688073,True,enabled_ground_truth,in_memory,in_memory,in_memory,,e849ec8,,,,,1286.3090910504532,0.9510246197135319,0.8462864029568441,0.875052608211853,False,1199,1199,0.0029262390453368425,-0.0029262390453368425,0.8577925633755924,full,1199,1199,full,1199,1199,,none,0.33542003673349846,60,2.056887626647949,76.8310546875,0.6604419614121482,0.7337635488874248,0.4145932197570801,0.4145932197570801,0.45702677965164185,0.3368418504786153,0.0008054303203788746,success,13.916979789733887
scvi_pbmc12k,ae,mse,8,9,11989,1199,test,2000,42,batch,labels,provided:labels,provided,ground_truth,,,,,,,False,True,False,True,False,False,2,0.8924562135112594,True,enabled_ground_truth,in_memory,in_memory,in_memory,,e849ec8,,,,,928.7842515321051,1.0828186887361981,0.8635249497727255,0.8926547381704177,False,1199,1199,0.0027049246709793806,-0.0027049246709793806,0.8568539778469508,full,1199,1199,full,1199,1199,,none,0.33301720540159635,60,2.1532821655273438,76.8388671875,0.6286073709277402,0.7301455438829484,0.36188727617263794,0.36188727617263794,0.3974475562572479,0.332267740202308,0.0007941303328493257,success,13.763023376464844
scvi_pbmc12k,ae,mse,8,9,11989,1199,test,2000,43,batch,labels,provided:labels,provided,ground_truth,,,,,,,False,True,False,True,False,False,2,0.8923990825688073,True,enabled_ground_truth,in_memory,in_memory,in_memory,,e849ec8,,,,,996.6793476338673,1.182065356703213,0.856008750645129,0.8815214750047093,False,1199,1199,0.0025184827391058207,-0.0025184827391058207,0.8450022858184771,full,1199,1199,full,1199,1199,,none,0.3337863932508941,60,2.1159772872924805,76.8388671875,0.6557890290676689,0.7228258624703223,0.362240195274353,0.362240195274353,0.43349477648735046,0.335015859774891,0.0007949412973893762,success,14.21802043914795
scvi_pbmc12k,ae,mse,16,9,11989,1199,test,2000,42,batch,labels,provided:labels,provided,ground_truth,,,,,,,False,True,False,True,False,False,2,0.8924562135112594,True,enabled_ground_truth,in_memory,in_memory,in_memory,,e849ec8,,,,,1004.860334149134,0.917568387432211,0.8573090225621827,0.8815965445595931,False,1199,1199,0.0016786647029221058,-0.0016786647029221058,0.8558247160537797,full,1199,1199,full,1199,1199,,none,0.3337991990279515,60,2.09061336517334,76.8544921875,0.6662145937326587,0.7600357815459904,0.4109008312225342,0.4109008312225342,0.40584373474121094,0.33306391558317067,0.000769918807525672,success,14.171525239944458
scvi_pbmc12k,ae,mse,16,9,11989,1199,test,2000,43,batch,labels,provided:labels,provided,ground_truth,,,,,,,False,True,False,True,False,False,2,0.8923990825688073,True,enabled_ground_truth,in_memory,in_memory,in_memory,,e849ec8,,,,,718.4757489593345,1.1274712344461677,0.8612186617871456,0.8895603599136981,False,1199,1199,0.0023623446468263865,-0.0023623446468263865,0.8515917588484052,full,1199,1199,full,1199,1199,,none,0.3320333691464552,60,2.112795829772949,76.8544921875,0.6951039321720007,0.7712082671737812,0.3705581724643707,0.3705581724643707,0.3772317171096802,0.3331508571849056,0.0007924546902513132,success,14.355320692062378
scvi_pbmc12k,ae,mse,24,9,11989,1199,test,2000,42,batch,labels,provided:labels,provided,ground_truth,,,,,,,False,True,False,True,False,False,2,0.8924562135112594,True,enabled_ground_truth,in_memory,in_memory,in_memory,,e849ec8,,,,,906.3524885512084,1.047325668398917,0.8618535317354442,0.8850968026111881,False,1199,1199,0.0014581904979422688,-0.0014581904979422688,0.8543963235918699,full,1199,1199,full,1199,1199,,none,0.332392740736811,60,2.1020936965942383,76.8701171875,0.6527077390786187,0.7467879047594442,0.37049973011016846,0.37049973011016846,0.39434102177619934,0.331629196015669,0.0007949686979182917,success,14.167949914932251
scvi_pbmc12k,ae,mse,24,9,11989,1199,test,2000,43,batch,labels,provided:labels,provided,ground_truth,,,,,,,False,True,False,True,False,False,2,0.8923990825688073,True,enabled_ground_truth,in_memory,in_memory,in_memory,,e849ec8,,,,,1067.6317915261732,0.984890010102069,0.8583619571025113,0.8826427564532157,False,1199,1199,0.002548734424635768,-0.002548734424635768,0.8556612461566909,full,1199,1199,full,1199,1199,,none,0.33353341291903255,60,2.0878820419311523,76.8701171875,0.6942279407946917,0.7609071720234747,0.4032544791698456,0.4032544791698456,0.41415145993232727,0.33472518604233226,0.0007237012058826289,success,14.336880922317505
scvi_pbmc12k,ae,mse,32,9,11989,1199,test,2000,42,batch,labels,provided:labels,provided,ground_truth,,,,,,,False,True,False,True,False,False,2,0.8924562135112594,True,enabled_ground_truth,in_memory,in_memory,in_memory,,e849ec8,,,,,1036.454844148229,1.0174896485220362,0.859969229885806,0.8869652782300391,False,1199,1199,0.0028220671229064465,-0.0028220671229064465,0.854003300468952,full,1199,1199,full,1199,1199,,none,0.33274821523232095,60,2.05764102935791,76.8857421875,0.6537261131127164,0.7480564565260416,0.37438955903053284,0.37438955903053284,0.42135971784591675,0.3319133556664636,0.000804486086763339,success,14.31942892074585
scvi_pbmc12k,ae,mse,32,9,11989,1199,test,2000,43,batch,labels,provided:labels,provided,ground_truth,,,,,,,False,True,False,True,False,False,2,0.8923990825688073,True,enabled_ground_truth,in_memory,in_memory,in_memory,,e849ec8,,,,,930.3404150683524,0.9912230135825695,0.8613382688764566,0.8838554939079516,False,1199,1199,0.0022971800062805414,-0.0022971800062805414,0.8467410934868911,full,1199,1199,full,1199,1199,,none,0.3328142479571628,60,2.098642349243164,76.8857421875,0.7046314670385369,0.7689489730221527,0.3959379494190216,0.3959379494190216,0.40297338366508484,0.3339166682247722,0.0007921822007864938,success,14.583773374557495
scvi_pbmc12k,vae,mse,2,9,11989,1199,test,2000,42,batch,labels,provided:labels,provided,ground_truth,,,,,,,False,True,False,True,False,False,2,0.8924562135112594,True,enabled_ground_truth,in_memory,in_memory,in_memory,,e849ec8,,,,-0.40335702369171345,785.6785064698172,0.874333178481407,0.5661045553634465,0.5985607933843554,False,1199,1199,-0.006100707687437534,0.006100707687437534,0.8497156026806594,full,1199,1199,full,1199,1199,,none,0.4049902147954459,21,2.0975723266601562,76.833984375,0.04496634744598226,0.07634080169680267,0.3237769901752472,0.3237769901752472,-0.10425910353660583,0.40334829081586243,0.0007394200984035076,success,5.816483020782471
scvi_pbmc12k,vae,mse,2,9,11989,1199,test,2000,43,batch,labels,provided:labels,provided,ground_truth,,,,,,,False,True,False,True,False,False,2,0.8923990825688073,True,enabled_ground_truth,in_memory,in_memory,in_memory,,e849ec8,,,,-0.40406484699328804,1003.4967230754116,0.8972055755311684,0.5140214102292072,0.5462471174901559,False,1199,1199,-0.0021715047769248486,0.0021715047769248486,0.8607927280960266,full,1199,1199,full,1199,1199,,none,0.4045127369494514,23,2.0805044174194336,76.833984375,0.0025937784421530496,0.0165935381278068,0.3177410662174225,0.3177410662174225,-0.23172622919082642,0.40406005284605273,0.000712790877675542,success,6.3744330406188965
scvi_pbmc12k,vae,mse,4,9,11989,1199,test,2000,42,batch,labels,provided:labels,provided,ground_truth,,,,,,,False,True,False,True,False,False,2,0.8924562135112594,True,enabled_ground_truth,in_memory,in_memory,in_memory,,e849ec8,,,,-0.40329528227759165,427.7614664798003,1.2889505325883222,0.5941176841322429,0.5522103852286645,False,1199,1199,-0.011299505829811096,0.011299505829811096,0.8605904393391713,full,1199,1199,full,1199,1199,,none,0.4049014283827288,30,2.106398582458496,76.84375,0.05968393080545128,0.08426845563416963,0.19919434189796448,0.19919434189796448,-0.15272653102874756,0.40328932487039987,0.0004385095108897106,success,7.893527030944824
scvi_pbmc12k,vae,mse,4,9,11989,1199,test,2000,43,batch,labels,provided:labels,provided,ground_truth,,,,,,,False,True,False,True,False,False,2,0.8923990825688073,True,enabled_ground_truth,in_memory,in_memory,in_memory,,e849ec8,,,,-0.4041715798972546,634.0944054319442,1.3836010707204278,0.5302082830010175,0.5506426079947675,False,1199,1199,-0.0016578489448875189,0.0016578489448875189,0.859857340593291,full,1199,1199,full,1199,1199,,none,0.4045748698452893,25,2.092580795288086,76.84375,0.002130153921023713,0.01726971184759794,0.19150665402412415,0.19150665402412415,-0.1701533943414688,0.4041591652042176,0.00033395625396207413,success,6.757693529129028
scvi_pbmc12k,vae,mse,8,9,11989,1199,test,2000,42,batch,labels,provided:labels,provided,ground_truth,,,,,,,False,True,False,True,False,False,2,0.8924562135112594,True,enabled_ground_truth,in_memory,in_memory,in_memory,,e849ec8,,,,-0.40351724768798486,326.83095005361696,1.4153304996966356,0.5629258639126224,0.5616697093645768,False,1199,1199,-0.0037881049793213606,0.0037881049793213606,0.8455729162334527,full,1199,1199,full,1199,1199,,none,0.4050531591396714,21,2.1046085357666016,76.86328125,0.028146989800202204,0.03742154279787774,0.16760674118995667,0.16760674118995667,-0.1170089989900589,0.40349211023687026,0.00021852659620054065,success,5.956936359405518
scvi_pbmc12k,vae,mse,8,9,11989,1199,test,2000,43,batch,labels,provided:labels,provided,ground_truth,,,,,,,False,True,False,True,False,False,2,0.8923990825688073,True,enabled_ground_truth,in_memory,in_memory,in_memory,,e849ec8,,,,-0.4042123020987793,318.3009693149313,1.578970524665734,0.5533640194144435,0.5702279187316046,False,1199,1199,-0.003291825531050563,0.003291825531050563,0.8573947182883848,full,1199,1199,full,1199,1199,,none,0.4046687357767708,24,2.092923164367676,76.86328125,0.00840899890909833,0.02543777818743697,0.15112526714801788,0.15112526714801788,-0.1386483609676361,0.4042001674829472,0.00020557763004697778,success,6.566492557525635
scvi_pbmc12k,vae,mse,16,9,11989,1199,test,2000,42,batch,labels,provided:labels,provided,ground_truth,,,,,,,False,True,False,True,False,False,2,0.8924562135112594,True,enabled_ground_truth,in_memory,in_memory,in_memory,,e849ec8,,,,-0.403249871541899,549.6040619118702,1.591778632714203,0.61494738478539,0.5262979435003561,False,1199,1199,-0.0008423904073424637,0.0008423904073424637,0.8574644599911194,full,1199,1199,full,1199,1199,,none,0.4049310627035343,40,2.125014305114746,76.90234375,0.022373322947848388,0.02355999227389788,0.15241649746894836,0.15241649746894836,-0.17514760792255402,0.40323408533375493,0.00041911453479823564,success,10.69612741470337
scvi_pbmc12k,vae,mse,16,9,11989,1199,test,2000,43,batch,labels,provided:labels,provided,ground_truth,,,,,,,False,True,False,True,False,False,2,0.8923990825688073,True,enabled_ground_truth,in_memory,in_memory,in_memory,,e849ec8,,,,-0.4041585904344904,1114.617591940195,1.2069533652549205,0.6327192615732814,0.5493203474207795,False,1199,1199,-0.004364739637821913,0.004364739637821913,0.8481336171320593,full,1199,1199,full,1199,1199,,none,0.40457127117136304,43,2.1187658309936523,76.90234375,0.016468321759981384,0.034265017060531366,0.22318974137306213,0.22318974137306213,-0.17664054036140442,0.4041487097591037,0.00048734831512710233,success,11.30079698562622
scvi_pbmc12k,vae,mse,24,9,11989,1199,test,2000,42,batch,labels,provided:labels,provided,ground_truth,,,,,,,False,True,False,True,False,False,2,0.8924562135112594,True,enabled_ground_truth,in_memory,in_memory,in_memory,,e849ec8,,,,-0.4033352213168363,816.1824635450342,1.2884183063753443,0.6407390989832698,0.5061842047213988,False,1199,1199,-0.016144433990120888,0.016144433990120888,0.8546161939576545,full,1199,1199,full,1199,1199,,none,0.4050552918326368,38,2.12701416015625,76.94140625,0.01999584631230851,0.015130988200446416,0.1979263722896576,0.1979263722896576,-0.09861405193805695,0.4033092275274307,0.0004966651208108207,success,10.341131210327148
scvi_pbmc12k,vae,mse,24,9,11989,1199,test,2000,43,batch,labels,provided:labels,provided,ground_truth,,,,,,,False,True,False,True,False,False,2,0.8923990825688073,True,enabled_ground_truth,in_memory,in_memory,in_memory,,e849ec8,,,,-0.40407235235646927,1690.7952079272573,0.9736072965726055,0.6442666677871078,0.5325259154529138,False,1199,1199,-0.011984240263700485,0.011984240263700485,0.8737409522931776,full,1199,1199,full,1199,1199,,none,0.40457817501978044,45,2.13461971282959,76.94140625,0.02100832285566098,0.020270583618569236,0.28061550855636597,0.28061550855636597,-0.1648627668619156,0.4040454987737912,0.00046619972380433796,success,11.859787940979004
scvi_pbmc12k,vae,mse,32,9,11989,1199,test,2000,42,batch,labels,provided:labels,provided,ground_truth,,,,,,,False,True,False,True,False,False,2,0.8924562135112594,True,enabled_ground_truth,in_memory,in_memory,in_memory,,e849ec8,,,,-0.4032868146399243,1325.3431511861272,1.024552229769682,0.6712180385417739,0.5069619309122002,False,1199,1199,-0.009491422213613987,0.009491422213613987,0.8594923612986145,full,1199,1199,full,1199,1199,,none,0.4048526211765232,60,2.1631479263305664,76.98046875,0.02469878915873468,0.02972181006030186,0.2674723267555237,0.2674723267555237,-0.10154695808887482,0.40326265663877936,0.00040263978066358905,success,15.389930725097656
scvi_pbmc12k,vae,mse,32,9,11989,1199,test,2000,43,batch,labels,provided:labels,provided,ground_truth,,,,,,,False,True,False,True,False,False,2,0.8923990825688073,True,enabled_ground_truth,in_memory,in_memory,in_memory,,e849ec8,,,,-0.40429504604713434,962.5341227994202,1.269516235343871,0.641909399730674,0.5373188824440183,False,1199,1199,-0.006378074176609516,0.006378074176609516,0.8632631913242872,full,1199,1199,full,1199,1199,,none,0.40463004624774,48,2.148587226867676,76.98046875,0.020300748254515923,0.029034455656634678,0.20834429562091827,0.20834429562091827,-0.15957693755626678,0.40424559939593646,0.000538031381114168,success,12.675826787948608
